spotifyArtistID, artistName, artistPopularity
15BFYS3S38ABXsEs8AVrXL,Mandy Harvey,34
1hkRfKGoJisJDbo6eSf1pg,Lewis OfMan,50
37hAfseJWi0G3Scife12Il,City Girls,74
7aA592KWirLsnfb5ulGWvU,Danny Brown,63
07EcmJpfAday8xGkslfanE,Kevin Abstract,63
26T3LtbuGT1Fu9m0eRq5X3,Cage The Elephant,77
7J4Pg0NGyrWoMrROYhnlP6,Biskwiq,58
0AsThoR4KZSVktALiNcQwW,Chloe x Halle,64
6I3MElirhT5t6Kf7p0hGk9,Duckwrth,67
5MqgtmMdtrsZIQpZzLhpX5,Jefre Cantu-Ledesma,35
3wBPUdIKGpmOpm6EvuLKMj,André Laplante,48
4JCt4xrbbBB9blkKwNlcJ7,"Evelyn ""Champagne"" King",53
1Bt7Z61Wj1ixbeJEBKwod6,Issam Hajali,28
2IDLDx25HU1nQMKde4n61a,Rich Brian,77
3nnQpaTvKb5jCQabZefACI,Jeff Buckley,63
3jK9MiCrA42lLAdMGUZpwa,Anderson .Paak,87
5sXaGoRLSpd7VeyZrLkKwt,Gregory Alan Isakov,67
1Xyo4u8uXC1ZmMpatF05PJ,The Weeknd,95
4Sw0SFu1fFdYXdAEVdrqnO,Mount Eerie,44
2h93pZq0e7k5yf4dywlkpM,Frank Ocean,84
1rJkz5vopfGxTUGFNB3o4G,Quasimoto,53
4ULO7IGI3M2bo0Ap7B9h8a,Teyana Taylor,65
3WrFJ7ztbogyGnTHbHJFl2,The Beatles,87
4AcHt3JxKy59IX7JNNlZn4,Fitz and The Tantrums,68
1SETr6LqWZXbJyEDVe6xDc,Katie Dey,30
32aUoW94mJ7xTJI7fG0V1G,Whitney,58
3FyxEZrTwxWFQBH1Bmi30c,atm,39
4nNxZ9weXMeokvs9ohcmZl,The Slaps,40
49zXTngyUTielHTbbH5YKs,Roy Hargrove,49
3Gm5F95VdRxW3mqCn8RPBJ,Aminé,77
0QRgfCLzSR9GyCjXboWQTA,Chris Montez,47
6UXdw3AJt6S6ri0IGsqquQ,Paulie Leparik,52
1SibPpG7jBgoHu988lUNVR,Diane Denoir,37
4iMO20EPodreIaEl8qW66y,Still Woozy,72
3Sz7ZnJQBIHsXLUSo0OQtM,Mac DeMarco,78
500rBZDH42x0aBmajZARos,Na-Kel Smith,30
6deCiWT7ATcDWP2Cvlalvn,Oscar Lang,63
6M6rZlL20NFRT9T1kapWX4,BradBrooks,38
3tlXnStJ1fFhdScmQeLpuG,Brent Faiyaz,80
4O15NlyKLIASxsJ0PrXPfz,Lil Uzi Vert,89
3koiLjNrgRTNbOwViDipeA,Marvin Gaye,75
0k17h0D3J5VfsdmQ1iZtE9,Pink Floyd,81
4DMSJzGjw2SMkKAT5EEE5u,HOMESHAKE,55
2YZyLoL8N0Wb9xBt1NhZWg,Kendrick Lamar,89
0z4gvV4rjIZ9wHck67ucSV,Akon,82
7MDoXA8Kfykq3gkBkDBLtH,The Rah Band,42
5CRfAxYjJsDBH5wvWF2nja,Sara King,26
3nCJkmgdZQ6l8o828Y3vNQ,A L E X,56
57vWImR43h4CaDao012Ofp,Steve Lacy,78
2mNhmPcCXzDRETUAeorxEt,Dwing,0
6Q192DXotxtaysaqNPy5yR,Amy Winehouse,77
6PEMFpe3PTOksdV4ZXUpbE,NxWorries,55
42i1K4n41jrf6DuIOQW1BY,Seafood Sam,40
2XFFw5lrnmJmnT9CmsPpGy,David T. Walker,34
15UsOTVnJzReFVN1VCnxy4,XXXTENTACION,90
1hcdI2N1023RvSwLzTtdsp,Natalia Lafourcade,76
5rvU4LjPlXPazWb2YXhMjr,September Savior,32
5PbpKlxQE0Ktl5lcNABoFf,Car Seat Headrest,63
2uYWxilOVlUdk4oV9DvwqK,Mitski,81
1YfEcTuGvBQ8xSD1f53UnK,Busta Rhymes,74
5Q81rlcTFh3k6DQJXPdsot,Mura Masa,67
6LEeAFiJF8OuPx747e1wxR,Blood Orange,65
1ZwdS5xdxEREPySFridCfh,2Pac,81
74ASZWbe4lXaubB36ztrGX,Bob Dylan,75
2qk9voo8llSGYcZ6xrBzKx,Kings of Leon,76
3oDbviiivRWhXwIE8hxkVV,The Beach Boys,75
6D9Y5lqXKgJv8CV6Ur59oS,The Submarines,37
5HenzRvMtSrgtvU16XAoby,Zion.T,61
3nFkdlSjzX9mRTtwJOzDYB,JAY-Z,85
7gSjFKpVmDgC2MMsnN8CYq,Jazmine Sullivan,70
3MATPJ9tYbcMhw5VOZrRU6,Summer Salt,59
6hG0VsXXlD10l60TqiIHIX,Ecco2k,60
2fV23bDf2vC1f49t5j6wtW,Boris Gardiner,37
4wyNyxs74Ux8UIDopNjIai,King Krule,61
4frXpPxQQZwbCu3eTGnZEw,Thundercat,73
699OTQXzgjhIYAHMy9RyPD,Playboi Carti,87
5KTykbPcDB4GYS49jcHbWh,Jessica Pratt,46
2hPgGN4uhvXAxiXQBIXOmE,KIDS SEE GHOSTS,65
53KwLdlmrlCelAZMaLVZqU,James Blake,73
5CzlICF8GCY0pRC82MKrhX,Labi Siffre,53
2Z7gV3uEh1ckIaBzTUCE6R,Conor Oberst,53
4RncsrNJ1GDGsFBIxI76L6,Jimmy Giuffre,42
2PfBzriIMRsCXPDtSy9vg8,Rufus Wainwright,57
247AfC9pLuqwgpH8Mo96oA,Connan Mockasin,55
43JlwunhXm1oqdKyOa2Z9Y,Hiatus Kaiyote,59
2PDYCxCY5cmsjWE9Uk3LEm,Fortunes.,27
1G9G7WwrXka3Z1r7aIDjI7,Outkast,76
2kMzxA8edU05hvMFU493zJ,Good Morning,60
6lcwlkAjBPSKnFBZjjZFJs,Alex G,63
0ZqhrTXYPA9DZR527ZnFdO,Wayne Shorter,51
24M8W1AklCxyWTKjrJZDQ8,It Looks Sad.,46
5wPoxI5si3eJsYYwyXV4Wi,N.E.R.D,60
2848adRcxvgWNRcz1g1tQD,Felly,60
17Zu03OgBVxgLxWmRUyNOJ,Knxwledge,62
5rX2c1zow6hCph8PnnU3kF,Astrud Gilberto,64
2KEqzdPS7M5YwGmiuPTdr5,Rina Sawayama,64
4MXUO7sVCaFgFjoTI5ox5c,Sufjan Stevens,73
2HPaUgqeutzr3jx5a9WyDV,PARTYNEXTDOOR,78
2mVVjNmdjXZZDvhgQWiakk,Khruangbin,71
1yNIb413Bmfs2ZBVuPp9kC,Jack Stauber's Micropop,68
0dwFxqYkvZLSA6U6XfQcDV,Fairuz,59
258XTvSVzlvxwn17leoh04,The Ethics,30
29fUSOyH1ufr9HZbErHpc4,454,37
4Z8W4fKeB5YxbusRsdQVPb,Radiohead,80
3IZrrNonYELubLPJmqOci2,Nancy Sinatra,66
7BFr36uI1dzJyo6tpa5Ued,The Chi-Lites,49
2AOt5htsbtyaHd5Eq3kl3j,Maxwell,61
13ccXrK7AmXb4TddMkE7jy,Everything But The Girl,60
2UmG7WphL1CMN7mVWyhE7u,Babe Rainbow,56
5bWApG9Vdshhd1J50UnNf6,Blossom Dearie,56
3dkbV4qihUeMsqN4vBGg93,Al Green,67
4x1nvY2FN8jxqAFA0DA02H,John Lennon,75
4heobGTPVUU2CZpqwwKpSX,The Soul Superiors,23
0fTav4sBLmYOAzKuJw0grL,Mac Ayres,64
6LXZac7iBIZgnNrywTkQRw,Monophonics,49
5SXuuuRpukkTvsLuUknva1,Baby Keem,82
4z5NjzIMyaQC4dPxxzxF6e,Strawberry Switchblade,45
0eDvMgVFoNV3TpwtrVCoTj,Pop Smoke,88
3kHVioJpVxlazAAKQ64pC1,Yuna,61
05oH07COxkXKIMt6mIPRee,Brandy,68
2Kx7MNY7cI1ENniW7vT30N,Norah Jones,74
3kE0TeA4n6FZD1UG6ctB0m,Breakup Shoes,49
0AAwRFgXtxXhHbiMS9W9DL,Aolani,25
45CNppuKvJ4JY9Oc6lVpH3,"Fail Better, Heal Faster",35
2rxiXXKdtR1e3ByeaGs7tv,HIRA,29
3AIYyng1ByLhJC6TimwJJV,Harry Teardrop,34
28EyduqESEOVMO6vglvaUZ,Joesef,58
3MZsBdqDrRTJihTHQrO6Dq,Joji,83
6kACVPfCOnqzgfEF5ryl0x,Johnny Cash,77
5iUnvXddCpOrbWKm7QMr6o,Vegyn,51
3myefQO8upDe4aNxjTFddr,Warda,38
4r63FhuTkUYltbVAg5TQnk,DaBaby,88
1A9o3Ljt67pFZ89YtPPL5X,Snoh Aalegra,70
5K4W6rqBFWDnAN6FQUkS6x,Kanye West,94
6eXZu6O7nAUA5z6vLV8NKI,Little Simz,68
0qu422H5MOoQxGjd4IzHbS,Yves Tumor,60
4EVpmkEwrLYEg6jIsiPMIb,Fleet Foxes,67
0wXaC3fHGVXbhwn5iLZMMi,Just Mustard,34
0epOFNiUfyON9EYx7Tpr6V,The Strokes,78
6USv9qhCn6zfxlBQIYJ9qs,Dominic Fike,73
7nC8KqfOJD2rmPeAxr7jvD,Bedrooms,26
73sIBHcqh3Z3NyqHKZ7FOL,Childish Gambino,79
4ub2v80S4RIceZRGnlhjTr,Jakob,59
6avpsZzjS5Yy9daHLBCYmn,Little Beaver,40
4Q1IDfpCe7ZRhPDfqeb5dd,The Unrighteous Brothers,36
1U0sIzpRtDkvu1hXXzxh60,Kelela,51
5ZS223C6JyBfXasXxrRqOk,Jhené Aiko,80
4jXfFzeP66Zy67HM2mvIIF,Bill Evans,66
2O0Hw1WSMbskB5tD9aWah3,The Stylistics,56
5BvJzeQpmsdsFp4HGUYUEx,Vampire Weekend,69
5V0MlUE1Bft0mbLlND7FJz,Ella Fitzgerald,75
3Uqu1mEdkUJxPe7s31n1M9,Weyes Blood,58
6YPRXu1dazGYcSZv4HJEH4,The Delfonics,52
5BwsX8bXOFC1YnqSlyfOKM,redveil,55
4aKWmkWAKviFlyvHYPTNQY,Adrianne Lenker,56
64KVQ4YupSZYrGNLduVtj3,Nara Leão,52
758sHPdw5FpB5ZM8f5MpXe,Maxo,43
2jgPkn6LuUazBoBk6vvjh5,The Zombies,62
1HjpNX0zNXYbHe38hMgDgZ,Schwey,41
3yY2gUcIsjMr8hjo51PoJ8,The Smiths,74
4Ui2kfOqGujY81UcPrb5KE,HAIM,69
6RHDASo3OVNiNY2nrGx3qc,Cotton Jones,48
0zGRuj0aQ3mM6i2dQoO8h0,Mid-Air Thief,46
4gHcu2JoaXJ0mV4aNPCd7N,Benny Sings,66
5UoVLCWzOKMIJ9iioof9OD,CeCe Peniston,54
0FMucZsEnCxs5pqBjHjIc8,Stan Getz,67
4pc5r183mYvIzGyFv2S0hO,Dre'es,51
1peoXq0RPx7czVoFjloeDQ,MAVI,52
3M8JKaNdIRChzvxVK1XxKm,Fleece,47
5INjqkS1o8h1imAzPqGZBb,Tame Impala,80
336vr2M3Va0FjyvB55lJEd,D'Angelo,64
1g1yxsNVPhMUl9GrMjEb2o,Plain White T's,67
3Kt9jng0C5E6JzOSez6Bid,Ponderosa Twins Plus One,37
2RP4pPHTXlQpDnO9LvR7Yt,Lianne La Havas,64
7ubCsS9WjRhWn1K04sYa09,Eddie Okwedy,14
1Bl6wpkWCQ4KVgnASpvzzA,BROCKHAMPTON,73
0yFvXd36g5sNKYDi0Kkvl8,Elis Regina,62
6kXm2YCtdUOpRYNKeKhfue,Ryan Gosling,57
35l9BRT7MXmM8bv2WDQiyB,beabadoobee,74
7MSUfLeTdDEoZiJPDSBXgi,Brian Eno,63
5XenQ7XfcvQdfIbpLEFaKQ,GoldLink,69
0av074qUwLn5eyzwqoq3xh,People Under The Stairs,54
0dAZ2slrElfR0Y5flcoSPt,Dorothy Ashby,47
432R46LaYsJZV2Gmc4jUV5,Joy Division,66
7hAolICGSgXJuM6DUpK5rp,Chairlift,46
2ooIqOf4X2uz4mMptXCtie,Neutral Milk Hotel,59
3Iv3mOsjFV8vZkXphpQ8hz,645AR,42
2cAvReLDmjFQtCJFDJbHBU,Teen Suicide,61
7Ht57YadlBXcFJDK3plmhO,The Microphones,50
4GcpBLY8g8NrmimWbssM26,Mndsgn,51
7jVv8c5Fj3E9VhNjxT4snq,Lil Nas X,91
6lHO1eGthNnos9KP2BH0cG,Puma Blue,55
0fTHKjepK5HWOrb2rkS5Em,Freddie Hubbard,50
7kIbB1pdDyehFj8aNgfzfH,Ameer Vann,48
0HthCchcL0kVLHTr113Vk1,mxmtoon,70
2auiVi8sUZo17dLy1HwrTU,Solange,64
7DIW7zcnjQFBTMxhK6V2VQ,Bobby Oroza,43
0pvhBvl3SFpzhahmYfqcPo,Mulherin,35
0WY2ddzQUF9eh16GiqrElA,Pale Saints,42
0fA0VVWsXO9YnASrzqfmYu,Kid Cudi,84
4LEiUm1SRbFMgfqnQTwUbQ,Bon Iver,78
0EYtRAnAXxVITPKoEDf2OB,LILMozart,0
6sHCvZe1PHrOAuYlwTLNH4,Gus Dapperton,67
3K2Srho6NCF3o9MswGR76H,Bakar,65
7IfculRW2WXyzNQ8djX8WX,Erykah Badu,68
7pXu47GoqSYRajmBCjxdD6,Vulfpeck,63
3zXefhSXvdPat7oeahOXJI,Zach Farache,42
190DHPJLNML45FthZiizQi,Mark Whalen,37
2c9O21YLFy4tFI9zCVhbFg,Sunday Service Choir,52
1nJvji2KIlWSseXRSlNYsC,The Velvet Underground,66
6qgnBH6iDM91ipVXv28OMu,KAYTRANADA,72
2mHjhKyKCLh6MZELuCe1Es,Stella Donnelly,44
2qFOYqFxPaIwEnffVhJhEn,The Dip,55
246dkjvS1zLTtiykXe5h60,Post Malone,91
47zz7sob9NUcODy0BTDvKx,Sade,71
25CgccXK9hJBTuaMF44zeR,SPIRIT OF THE BEEHIVE,47
3GHKajYkw1Btlzib5wRpHf,Innovations,30
4Qz5J3GBpmR1LcPgqFbzlW,sophie meiers,57
4KDyYWR7IpxZ7xrdYbKrqY,Bonnie Raitt,63
2Tglaf8nvDzwSQnpSrjLHP,Cuco,73
4o16FybIZV7WPD7tOl7PUd,Ralph Castelli,58
4QQgXkCYTt3BlENzhyNETg,"Earth, Wind & Fire",76
2iFB1sUnmksG09STRCdEaW,lvusm,42
32lrcOGDfZivCeVN6UgH7b,Byemilo,33
3g0RlUGYDE7rdAJSnLkNOv,Kut Klose,40
0yCYrNUvVe4VVz7xSZ1xei,Jesse Woods,39
2G8UkPZnQ8i78L8TfqP1X6,Christian Leave,64
1btWGBz4Uu1HozTwb2Lm8A,Hippo Campus,66
73MDShZzdL4vUGMkmXOG6X,Haley Heynderickx,55
16eRpMNXSQ15wuJoeqguaB,The Flaming Lips,60
2ApaG60P4r0yhBoDCGD8YG,Elliott Smith,64
2ICR2m4hOBPhaYiZB3rnLW,Sonder,65
3dQZZuz1lE7E872IAyIhTq,J'von,26
4AGNJdJiVltImYk1UTLE0K,Sports,55
1wlzPS1hSNrkriIIwLFTmU,MIKE,49
5fi1Z5nm2ioK3KTj7SS0VU,Cosmo's Demos,15
3rTMj1pmRvXBfzAEIk9XX9,Patrick Paige II,42
09hVIj6vWgoCDtT03h8ZCa,A Tribe Called Quest,68
7KjinB2wGyb4N3zvfdOJqX,Blue Nightmare,16
4NJhFmfw43RLBLjQvxDuRS,Wolfgang Amadeus Mozart,78
5El7Fa5t7eVZyZKhsAixU7,Sophia Loren,40
29Oq9Nv8zLgu3IvX1tIpbm,Matt Champion,48
2TuVzZPwEPqpstqmA0qLl6,O Terno,50
0iEtIxbK0KxaSlF7G42ZOp,Metro Boomin,82
5kmPNusdo1mCTyz4u1uEGm,Mountain Man,47
450o9jw6AtiQlQkHCdH6Ru,Funkadelic,57
08c5z2rVpcPu7QylOxQCFA,Khakii,46
3YOvdmjSEwOqRAJ0ttfwCx,Gupi,46
5hAhrnb0Ch4ODwWu4tsbpi,Yo La Tengo,60
2wcrc3fjebDRLVdtRUa3pu,Cal Scruby,59
2kGBy2WHvF0VdZyqiVCkDT,Father John Misty,63
3UVRliakQfa1pMWIsNuiZ8,Musiq Soulchild,61
7GN9PivdemQRKjDt4z5Zv8,The Internet,63
1txWOvvuItlRlkB4rM0cUK,Return To Forever,40
3rxeQlsv0Sc2nyYaZ5W71T,Chet Baker,67
4V8LLVI7PbaPR0K2TGSxFF,"Tyler, The Creator",86
4yYvor6Rq4fG82J1L47DYp,MICHELLE,55
1Goe2NezNnym45kco2xTk6,Nick Hakim,49
58V849SCN7s8vh50uhWHBE,Infidelity,8
4N8BwYTEC6XqykGvXXlmfv,George Benson,66
1orPVlRmIYWQ2KkJcMjjnB,Rei Harakami,39
0FVBV0tOAo6AWz8ecbKjY7,Sydney Franklin,15
7c0XG5cIJTrrAgEC3ULPiq,Ty Dolla $ign,86
5LhTec3c7dcqBvpLRWbMcf,Madlib,70
1QfEfvB62EEl4upf2ANKkR,Pip Millett,58
4YRAVReHj4SEpAtiPdQxRg,Young Bull,33
0uNEy4544VZq2KOl7BsLuo,Lalah Hathaway,53
5XE0fiZWGbq9TcSuWwJ1fA,potsu,64
6XYvaoDGE0VmRt83Jss9Sn,King Gizzard & The Lizard Wizard,65
1Y8cdNmUJH7yBTd9yOvr5i,Destiny's Child,75
4AgZVM5339ZoMyg38nYyYW,Devin Morrison,50
0QHgL1lAIqAw0HtD7YldmP,DJ Khaled,79
1ThoqLcyIYvZn7iWbj8fsj,Bill Withers,74
5TlgMX2qZVaWy2JI12tK2q,Weste,35
28cz8xRBmoXRuVTuZiYgrM,Elwa,0
6Ib0Di9b3kMxw9yD0DAyAC,Victor Internet,50
6LQLO7AYMRaVS86OlbxQOO,HASANI,34
3TVXtAsR1Inumwj472S9r4,Drake,97
3DiDSECUqqY1AuBP8qtaIa,Alicia Keys,80
1FClsNYBUoNFtGgzeG74dW,Hank Williams,59
4Gso3d4CscCijv0lmajZWs,Don Toliver,84
7v4imS0moSyGdXyLgVTIV7,Nat King Cole,78
0QWrMNukfcVOmgEU0FEDyD,Jacob Collier,63
3fMbdgg4jU18AjLCKBhRSm,Michael Jackson,84
2gbT6GPXMis0OAkZbEQCYB,Pinegrove,57
7knQlwjtPZ9VP98f5XXhhn,Brenda And The Tabulations,35
3Q6t87fXgz5a0ObJAaAC7d,Willie Griffin,32
0oBsnAC3fzYkTHF3bkfNx6,Phony Ppl,55
0hDjKSKjl1DC7ovYTDJHe8,Bruno Major,73
1EgGVV9cmmlLEsFlunjmvv,The Time,45
5v8bwWRbu7AI3YFhzoM6Ha,The Mills Brothers,49
21UPYSRWFKwtqvSAnFnSvS,Amaarae,76
5BCnLrqpwYtufR1bDWn0hG,Banes World,55
4HzKw8XcD0piJmDrrPRCYk,Majid Jordan,70
4596e2d3KmYzAeVenjCxfj,Free Nationals,66
5IbEL2xjRtKsunfmsahLuO,$NOT,78
0SwO7SWeDHJijQ3XNS7xEE,MGMT,77
0INatsTiEOX0EJimNTQjSM,Charlotte Dos Santos,40
0Y4inQK6OespitzD6ijMwb,Freddie Gibbs,72
7BqRcZsHYYQeqMAOp7e532,Sunset Rollercoaster,58
1zkKkDDra0jlsiJYz57P3P,Mustafa,48
2FQgnKHydnhSnRS17BSy28,The Symposium,51
5X0dCi2aVnYEV27S8wgQdF,Nai Palm,43
1U1el3k54VvEUzo3ybLPlM,Kali Uchis,84
2Ex4vjQ6mSh5woTlDWto6d,Masayoshi Takanaka,44
2efrqekWSHlvhATD50AG3m,Orion Sun,56
03cwCzIWQ8BRmXjGPDAL04,Cab Calloway,47
0huGjMyP507tBCARyzSkrv,Cordae,71
4LLpKhyESsyAXpc4laK94U,Mac Miller,86
70kkdajctXSbqSMJbQO424,Kacey Musgraves,76
4oQ1RtRdvA4mv8UT8Ymx5s,Mack Browne & The Brothers,26
360IAlyVv4PCEVjgyMZrxK,Miguel,79
0WOxhx4hikIsyF3CRPLC8W,Famous Dex,65
1G5v3lpMz7TeoW0yGpRQHr,George Clanton,50
5XQRfs0gXs30aWUn1Umves,Choker,53
2SaIA1enj83vEmJikZdjQ3,Triathalon,48
07d5etnpjriczFBB8pxmRe,BJ The Chicago Kid,66
1020a42xVklY6c56imNcaa,Slum Village,57
2AfU5LYBVCiCtuCCfM7uVX,Kota the Friend,67
5BhFZpE8kUGZJiKOsYjLQM,Yeek,58
7LlIWfvgWlDBXfxCvCFbuC,Eloise,54
7wbkl3zgDZEoZer357mVIw,boy pablo,68
0CKa42Jqrc9fSFbDjePaXP,Big K.R.I.T.,62
5pKrorYHoVt088MOxEhNLg,Sofie Winterson,44
2hGh5VOeeqimQFxqXvfCUf,John Coltrane,68
0b8g4LkPm3GWYRqFd938AD,Matt Cleare,6
6T70tWxqyIpdVbsFvPzqM3,La La Land Cast,50
0NIPkIjTV8mB795yEIiPYL,Wallows,74
1Ja8gq8kybmwpYcCSVNBqY,Lizette & Quevin,23
7tYKF4w9nC0nq9CsPZTHyP,SZA,86
7tr9pbgNEKtG0GQTKe08Tz,Mk.gee,52
3pHAJqPZhCGNoFShXcqD9k,spookyghostboy,41
35U9lQaRWSQISxQAB94Meo,America,68
4jCIAMb0zEArF3GYEYzoDk,Joy Again,68
5NyCIBCeU080ynEj33S4hC,Blu DeTiger,55
3zGBYPgeO80hsA9j8AsShz,Yandhi,18
4Pt1HZtuJwrQB8l0ES5iTX,Julee Cruise,46
49tQo2QULno7gxHutgccqF,LANY,79
1ikg4sypcURm8Vy5GP68xb,Magic City Hippies,53
5bOsFzuJ6QZMr86ezC4oXY,The Ink Spots,60
6fxyWrfmjcbj5d12gXeiNV,Denzel Curry,75
3A5tHz1SfngyOZM2gItYKu,Earl Sweatshirt,72
7pbDxGE6nQSZVfiFdq9lOL,Rex Orange County,79
2gzxBoK71ohENPlxlshHV7,Jerry Paper,43
2Icsf5D1lAs2EFx6kggg5D,Jeffrey Lewis,41
1oPRcJUkloHaRLYx0olBLJ,Magdalena Bay,61
5QWPjk0d98lRw8sdVkYN0S,Delights,26
2RdwBSPQiwcmiDo9kixcl8,Pharrell Williams,80
5delTPpDAtBDsjk60f5xnt,Autumn!,63
20qISvAhX20dpIbOOzGK3q,Nas,76
0knGpCTbmG4ctl1wzYRZs4,Dijon,64
63nKf171gzF5QgJopUvEJ0,Jovanie,30
07D1Bjaof0NFlU32KXiqUP,Lucy Dacus,64
77ZUbcdoU5KCPHNUl8bgQy,João Gilberto,65
33W1pnW9zScZtYTnAoWnOT,Mr. Probz,67
1crlEwxm5dcQjCcgCJEyqg,Abhi//Dijon,40
5FxD8fkQZ6KcsSYupDVoSO,Omar Apollo,68
5a2EaR3hamoenG9rDuVn8j,Prince,73
0jUQSUOcM7lxVn5eVGTkzQ,Justine Skye,60
1GLtl8uqKmnyCWxHmw9tL4,The Kooks,70
5SMVzTJyKFJ7TUb46DglcH,Parliament,56
6eU0jV2eEZ8XTM7EmlguK6,Black Pumas,64
3AA28KZvwAUcZuOKwyblJQ,Gorillaz,81
2ODbg2404zUzTi02qIPEjB,Tay-K,67
7oPgCQqMMXEXrNau5vxYZP,Tracy Chapman,70
6l3HvQ5sa6mXTsMTB19rO5,J. Cole,88
3GBPw9NK25X1Wt2OUvOwY3,Jack Johnson,77
1eEfMU2AhEo7XnKgL7c304,Carpenters,72
48Py72qV4J4hzvJXXRDNz0,Tre' Amani,37
1ObAu0tz0NlOI6FNHTXchD,Tommy Edwards,39
2rm6vleqjlsZRsxQm3umpg,Sabah Fakhri,37
2bPj1h3MSKP4ZRQmLZoq40,Off the Porch,22
2JFTRDi5v7JtqoouVe1z5D,Slow Pulp,51
29lbSb4ujaVH5pHnQjFT0G,Ola Gjeilo,57
180iCL28IiUTkC6epvZfYI,Art Blakey Quintet,18
5cj0lLjcoR7YOSnhnX0Po5,Doja Cat,93
1h3H1KWtfAC1YRqYrQmXLF,Luca Bocci,46
3DFoVPonoAAt4EZ1FEI8ue,Sir Sly,58
13ubrt8QOOCPljQ2FL1Kca,A$AP Rocky,85
5FwydyGVcsQllnM4xM6jw4,American Football,52
7Ln80lUS6He07XvHI8qqHH,Arctic Monkeys,85
2FwDTncULUnmANIh7qKa5z,FKJ,71
3WbeZvDk1COiO2dEokZqn7,Roy Ayers Ubiquity,52
0iui2Be5CP8EWxvHYsVspL,Breakbot,60
5I0EPnV9gwrZYTbScjnaOk,Marcos Valle,54
5W5bDNCqJ1jbCgTxDD0Cb3,Willie Nelson,73
0VB1seSRe8CTJZAFosZZVC,The Royal Jesters,31
7bcbShaqKdcyjnmv4Ix8j6,St. Vincent,67
75OSuJw6r1LCdYgmTt0gHs,Micah Edwards,47
0NZsNnETGPWLKJj2Y0vpBx,CHAI,47
7qME2V5vIIPqIKCpzxQMPz,Slow Hollows,37
0Xf8oDAJYd2D0k3NLI19OV,CHIC,63
2aoFQUeHD1U7pL098lRsDU,Madvillain,66
2WPn0emjr8XPmMOT0bBcPe,Piero Piccioni,50
2i1IdHG5w0wiSmJGoqAGlj,Minnie Riperton,57
2N2hOy7cgLlfage0jrE1Kb,soder.,26
34k9iqR1KH7JSiI2zTHszj,Heyrocco,29
5yPzzu25VzEk8qrGTLIrE1,Young Nudy,73
1RyvyyTE3xzB2ZywiAwp0i,Future,89
0imE3buPhAowREqCrr4CYe,Peach Tree Rascals,64
7G1GBhoKtEPnP86X2PvEYO,Nina Simone,71
3opqEDktF05rXFAnoFAzFj,Abu Obaida Hassan,13
0urTpYCsixqZwgNTkPJOJ4,Aaliyah,68
6fWVd57NKTalqvmjRd2t8Z,24kGoldn,80
25uiPmTg16RbhZWAqwLBy5,Charli XCX,80
7bG2PIfT22HGxisl6LAohx,S. Kiyotaka & Omega Tribe,51
59tUUyuaTFMty5kJE9Ojrq,mitsume,45
3pO5VjZ4wOHCMBXOvbMISG,Antônio Carlos Jobim,68
2uNpV18izVIP7DNusoWbT5,Bobby Hebb,50
4ClziihVpBeFXNyDH83Lde,UMI,66
0dUYLC7DLjeS8gIh8cz2Pq,Jenevieve,57
3s2jqlVaDwlRKk3mF7WT2b,Jamie Isaac,41
7CyeXFnOrfC1N6z4naIpgo,The Ronettes,71
7KGqvFukcZRbQ7YFsYrgPa,Donnie & Joe Emerson,45
6C65D20ASusYqHGSIktfED,Erroll Garner,50
1eNkUXHPaXyuyC8NAgzykK,Jodeci,57
6olE6TJLqED3rqDCT0FyPh,Nirvana,83
49h2ZvYkhZts64fbW9xhw7,Arawak,28
6KImCVD70vtIoJWnq6nGn3,Harry Styles,86
0hItVPjwJLVZrFqOyIsxPf,Judy Garland,62
53wZLCnhshZKDRs3uopFBc,Jai Paul,50
3hOdow4ZPmrby7Q1wfPLEy,Aries,69
7nwUJBm0HE4ZxD3f5cy5ok,Aretha Franklin,73
6D7h7R79IZjqJC2GM2wzyY,Heatwave,52
6yJ6QQ3Y5l0s0tn7b0arrO,JPEGMAFIA,68
0tCtGc5vt29zFZp6KXzN50,Beanie Sigel,56
2sSGPbdZJkaSE2AbcGOACx,The Marías,69
6P7H3ai06vU1sGvdpBwDmE,Steely Dan,69
5GLpYMkUSUNq5kLLeBovSi,Panucci's Pizza,48
1YzCsTRb22dQkh9lghPIrp,Billie Holiday,67
5y2Xq6xcjJb2jVM54GHK3t,John Legend,82
2BL3PP6aTKJ1jqbRgfQa71,The Honeysticks,52
2TLvEQjCrq7LCZD3A7zUpi,TheSecondSex,37
0QJIPDAEDILuo8AIq3pMuU,M.I.A.,71
5UNWM3Keu6o0NrbigeRfh9,Mei,39
2OaHYHb2XcFPvqL3VsyPzU,Rico Nasty,70
08PvCOlef4xdOr20jFSTPd,Flo Milli,69
2NmK5FyrQ18HOPXq1UBzqa,SWV,63
1gl0S9pS0Zw0qfa14rDD3D,Surf Curse,74
6iMJjTp6P8nIwfan6pgPuA,Shanique Marie,31
7dXeJ8kAqTqtvNWQNV3sdU,Surface,44
2iE18Oxc8YSumAU232n4rW,The Jackson 5,74
3z82km7NvHtfV4LHwRk072,Chance Thrash,45
7LpofGzdLlzTnTLOFUhDD5,Ruby Haunt,46
45RZn1pAEvQYqkRnvFaIJx,Dylan Sinclair,48
19y5MFBH7gohEdGwKM7QsP,Luther Vandross,66
6UE7nl9mha6s8z0wFQFIZ2,Robyn,64
12j6dJrPXanCBwY599pZxf,Matt Maltese,68
29WzbAQtDnBJF09es0uddn,Corinne Bailey Rae,66
57okaLdCtv3nVBSn5otJkp,HYUKOH,54
3DTYK3Z5kuKfF4JNQG3h9l,VULPIX,26
2kQnsbKnIiMahOetwlfcaS,Raveena,63
58XGUNsRNu3cVOIOYk5chx,Ty Segall,53
1VPmR4DJC1PlOtd0IADAO0,$uicideboy$,86
6futYSDVulYR2PktBjTB5W,Big Daddy Kane,51
56F07EgoDt7uxzQUb6HZnT,Ziad Rahbani,38
1LZEQNv7sE11VDY3SdxQeN,Bee Gees,79
3mIj9lX2MWuHmhNCA7LSCW,The 1975,77
65dGLGjkw3UbddUg2GKQoZ,BADBADNOTGOOD,67
30fiiwr2EeZp1tAhzYCmyM,Big L,59
6fC2AcsQtd9h4BWELbbire,Peach Pit,67
5NXHXK6hOCotCF8lvGM1I0,Porcupine Tree,59
3XOVABzceOUTbR3iEz0ImO,Cal Tjader,48
5wLCYIHgd7kXSFEf1oOh8R,Ace Spectrum,21
4xRYI6VqpkE3UwrDrAZL8L,Logic,80
6OqhFYFJDnBBHas02HopPT,Kero Kero Bonito,61
7iZtZyCzp3LItcw1wtPI3D,Rae Sremmurd,76
60k4atxgEIMFz4DWHp0le1,Braxton Cook,47
67lytN32YpUxiSeWlKfHJ3,Yung Lean,67
75mtW2jTMIh76sywi9vLUU,Frank Crumit,17
1EpyA68dKpjf7jXmQL88Hy,Noname,60
7lOJ7WXyopaxri0dbOiZkd,Broken Social Scene,55
5J81VungUjSVHxlPpTI9KG,Mild High Club,64
2Zv7tySETckaR2robozkcz,LAUSSE THE CAT,52
52lsD82iOqGtyfEMqWgk4f,Umm Kulthum,47
60NNvDqsif0u40CXMV6jDQ,Ryan Beatty,55
4xXQxNcBCtsaz6Gw1IblE3,Michael Cera,50
3YoL2CCR3wyqJndcEDBwBH,The Mattson 2,42
3SRJWVa6lZnqRHOyAHmDrX,Jon B.,53
03YhcM6fxypfwckPCQV8pQ,Wes Montgomery,55
2YwPMfgNYeDjbkGI7PwZ3K,Ben Khan,35
4zcFWKKQiNFlCFIil3gXnq,Pax,29
31TPClRtHm23RisEBtV3X7,Justin Timberlake,81
05PeUup2zYw9VOGnaknbn9,dreamcastmoe,39
2pAWfrd7WFF3XhVt9GooDL,MF DOOM,74
1RKG6WXRzmTJtbLRZTPU0T,Cosmo Pyke,51
3NBmfDV6Yh3hjuQUBVvYgO,Better Oblivion Community Center,51
4jCbgl5Dmt3uOh8WRQfpPs,Bilal,59
0gdEDrF1Fve7FIBYcmX7W4,Kelly Finnigan,47
2N79L5eT2Xraec4UJsi2Fz,Justice Der,54
12zbUHbPHL5DGuJtiUfsip,Julien Baker,61
181bsRPaVXVlUKXrxwZfHK,Megan Thee Stallion,86
5Uzu2l04ozg2ibMyevkKFV,Hareton Salvanini,40
1Ng076kHQlxAUjKL50VnxJ,Brilliantes Del Vuelo,27
7ENzCHnmJUr20nUjoZ0zZ1,Snarky Puppy,52
4cUkGQyhLFqKHBtL58HYVp,Channel Tres,64
3QTDHixorJelOLxoxcjqGx,SiR,66
174ThXFgQg2VCq9r3m8ceb,Luiz Bonfá,56
6NgYKD0TKGjwtRFqTyyqKF,Monsune,53
2FxdltjRC96gWJ7tMUadnz,Ruthven,32
4tZwfgrHOc3mvqYlEYSvVi,Daft Punk,81
6hfVCgKTJbLM6M18e2z7OI,Righeira,44
5bepW5vcdRzheNc0F8lHJ5,Esperanza Spalding,54
3mL3865eKXbKf5zcjEmb28,Julius,29
2Mu5NfyYm8n5iTomuKAEHl,Ms. Lauryn Hill,73
7t3VJCyz87PJLqHM3mOt3I,Al Massrieen,31
7B1OPA8Ttxfv3XBDCkw24E,Bachelor,41
4EnEZVjo3w1cwcQYePccay,N.W.A.,67
4bbjivSh1oG4NOc7uYHfw5,Lil B,52
6nB0iY1cjSY1KyhYyuIIKH,FKA twigs,66
63MoX25vZtzCSTvRFkAsnW,Los Apson,54
36zSkwftotDHslP3KUQpew,MED,53
1UH80jhsYsFztK0anu2FNS,Zack Fox,59
027TpXKGwdXP7iwbjUSpV8,The Walters,75
6Ej6u8fvyHFFKn5GaQ5cPn,Ted Lucas,39
3l0CmX0FuQjFxr8SK7Vqag,Clairo,80
2WRStKp4ihGVUzlzWfv1Qt,The Undertones,50
2QX8yUROOnWTSLFg4sZ9Gg,Bill Charlap,47
5AyEXCtu3xnnsTGCo4RVZh,Duster,64
6iygtKnPG7TRvDaTYcLOd6,The Flamingos,49
2e0Bkreg0zzfE5umvfKQXf,Radiant Children,42
0du5cEVh5yTK9QJze8zA0C,Bruno Mars,92
4MCBfE4596Uoi2O4DtmEMz,Juice WRLD,93
7bu3H8JO7d0UbMoVzbo70s,The Cure,76
0U7iI0Dk4Ojvi17nZboNO4,Vacations,69
2v3VeFgwDNHJEerU1S5Gvw,Scubadiver,23
1Mxqyy3pSjf8kZZL4QVxS0,Frank Sinatra,83
6IW026WCYU8L1WF79dfwss,Abdel Halim Hafez,45
57bUPid8xztkieZfS7OlEV,The Supremes,65
0ubGY2CcC0tvR0eE6hJaT8,Charlie Burg,61
3ycxRkcZ67ALN3GQJ57Vig,Masego,72
7MPGCB854Qo4alYMOPkBka,Ritt Momney,66
2P2BXSc0Wxpf10Fpno38rl,Sofie,43
0w6AltdqycAzK75dxTmVBA,Traavonn,0
3DiSC0nSNNWpPy5ZK3mcrz,Nef The Pharaoh,52
1ybINI1qPiFbwDXamRtwxD,Smino,71
1URnnhqYAYcrqrcwql10ft,21 Savage,88
2WKdxPFRD7IqZvlIAvhMgY,Fugees,68
4nJ3J7RwgYmMARNAVrFb06,The Blackbyrds,44
3ReVTyprRfKmKquryr9UeA,CMTEN,55
29XOeO6KIWxGthejQqn793,Flying Lotus,61
2mxe0TnaNL039ysAj51xPQ,R. Kelly,69
7A8S43ryYdbWpJKeHRZRcq,JACKBOYS,71
2jwRHcdgkRhelYEMqndDKe,Yxngxr1,64
2J257euzcjnDLipsyJH3F2,Clipse,55
26MsHzLvNrTnU4QOKd9nXO,Honey Stretton,29
59oA5WbbQvomJz2BuRG071,Jungle,69
20wkVLutqVOYrc0kxFs7rA,Daniel Caesar,81
0P54cVemq1DCHUfUMlWAoN,TOBi,50
4fP5zCJRf168wiWHG9tR9m,セキトオ・シゲオ,45
77SW9BnxLY8rJ0RciFqkHh,The Neighbourhood,85
1VgjAK52kjkQJQQRhTn02t,Moonchild,54
35pV6EUbherudlvAftoueR,Les Baxter,45
0JYlkNmu76Wu1DgvWNWq7X,Everything Is Recorded,40
7ycsWk9ae4pTAlWH8j6Hf9,Matt Martians,42
5yD3wA48IGUoCVboe0LdHx,Standing On The Corner,45
1r1uxoy19fzMxunt3ONAkG,Phoebe Bridgers,80
41qil2VaGbD194gaEcmmyx,Will Smith,69
3nHKeOa45XrUplL3NiGy7E,FrankJavCee,45
0GG2cWaonE4JPrjcCCQ1EG,SG Lewis,68
4vZ5UD5pIliRPSdHHj9EUp,Bren Joy,64
0hEurMDQu99nJRq8pTxO14,John Mayer,81
0mXTJETA4XUa12MmmXxZJh,Eddie Vedder,66
0IF46mUS8NXjgHabxk2MCM,Kelis,67
4kIwETcbpuFgRukE8o7Opx,Arlo Parks,64
5lDtfHPqWN6MG9tFywnW8J,Kiefer,48
0kEfub5RzlZOB2zGomqVSU,Gil Scott-Heron,55
7FPO7WTShHCXnmVv7lhhZM,Nana Grizol,44
1nIUhcKHnK6iyumRyoV68C,Ennio Morricone,68
6TIiGARk7Eo8igAnbM2eeR,Pretty Boy Aaron,46
6eUKZXaKkcviH0Ku9w2n3V,Ed Sheeran,96
5SyGEPymt1G2uto47tVWvZ,MadeinTYO,68
13clnHtI56jEGjzqeD0Q1o,Amnesty,32
3oUxvPmwDj1e7bfPDc9OT5,East of Underground,31
5HyacDSdBkCTDOBoX49ayp,Parekh & Singh,31
16eM95zw2t0KRDniuNFKVt,Molly Lewis,36
0JbqyQSsMK7TavqlR0yNON,Bobbi Humphrey,39
79hrYiudVcFyyxyJW0ipTy,The Paper Kites,68
3XkLOVhQv8DBoiclVW8F89,Budgie,46
50JJSqHUf2RQ9xsHs0KMHg,Jon Bellion,71
0rsN9DKQhTCvkgbByOOBIm,Hailu Mergia,46
5SbkVQYYzlw1kte75QIabH,Gnarls Barkley,64
3vB7T6czx1Jh89YEnzM0UF,Bernie Worrell,30
7yO4IdJjCEPz7YgZMe25iS,A$AP Mob,64
4MSMDY0ClgWqXApU53I1L1,Matt and Kim,61
5jy9tglmQRLmTmcqz2qyUa,Eliza McLamb,38
38CPjAAqYV8lTYi6clzbjG,Gábor Szabó,51
4Js9qeA7KMFyjBYHEjFaeJ,Jonah Yano,44
6eJa3zG1QZLRB3xgRuyxbm,Dayglow,70
6aiFCgyKNwF9Rv5TOxnE8E,IDK,65
5E6dR5oDjhT39zr1YuXRq0,Shana Cleveland,23
4Mt29F9smgR7ghycaf5fI5,RADA,34
78xSB1R1x8T6o0QuRaodez,Swell,54
7guDJrEfX3qb6FEbdPA5qi,Stevie Wonder,78
5K0rbdBrs2tNXe5LeWMATT,Bootsy Collins,69
7eAF64ZiDwK2rDPSrr97D9,The Four Freshmen,37
0hhGFNFQrdE34ZYR1CaBYN,JVCK JAMES,49
2We7vKruiEweV984BdrxGA,Jerkcurb,39
5jgmUtnSxN0M8XrwdRBkr7,Ramy,24
13saZpZnCDWOI9D4IJhp1f,Lily Allen,71
2wAPeWKKHrPZ3UUqnw9Bpy,Connie Converse,38
3f5fB1YUbkUnW7cf7I0R48,Geto Boys,58
2ojPjUHMgAjREvG9cBCA09,Wyatt Smith,30
6vHBuUxrcpn1do5UaEJ7g6,Domo Genesis,59
0kbYTNQb4Pb1rPbbaF0pT4,Miles Davis,65
0nvvXVx3p5N71liittVwGa,Hemlock Ernst,40
0IVcLMMbm05VIjnzPkGCyp,J Dilla,60
68Uwx1d3EbjDJhYsLjqvIq,Emma Stone,59
5q9DqYL5jq20lZygKK3qpZ,amol,39
7A0awCXkE1FtSU8B0qwOJQ,Jamie xx,62
6lay1nwbE6hTx1jivysUAL,Princess Nokia,67
66l6SXrWHLjXFHfv202kdA,Pastor T.L. Barrett and the Youth for Christ Choir,41
4j56EQDQu5XnL7R3E9iFJT,Young the Giant,68
5szilpXHcwOqnyKLqGco5j,Faye Webster,62
2JyxVsEiD9HVRM7CtFaLCK,Timi Yuro,43
4tYSBptyGeVyZsk8JC4JHZ,Shoreline Mafia,71
0JqRJZzARcjmH60HwUenow,Fox Academy,54
6rniTPs9zN26kYnkPdFl1U,Sir Chloe,66
6R9Mv0bgGE4Tqxna1q5Mrj,Roy Ayers,53
0Q2Tc5yZFJpumLMc7Yz4e4,Tomppabeats,58
0cLrgpG3pW4MX4nD8h6qCc,El Michels Affair,56
0NrVrf231eji48nhNUJTXe,Laura Misch,42
3zLGBWJfWfoslHZvaNSPGE,JOTA ESE,19
5pKCCKE2ajJHZ9KAiaK11H,Rihanna,89
2wPDbhaGXCqROrVmwDdCrK,Oneohtrix Point Never,50
5gPEo032lzARtzuVqJIm9o,Bobby Goldsboro,49
1FHDMgGdmIP4IsoFkAwbS0,River Tiber,49
4gHs8pWsgZpndQZKs6QVRH,glass beach,52
2rhFzFmezpnW82MNqEKVry,Ski Mask The Slump God,80
63wd5NS9hEIj1MchScLJB1,J Lloyd,38
5a31Ij1sTxY9LUYVwgBp8m,Elvis Depressedly,45
06s35sbFfZJUEwFjAaZfiW,Cookin Soul,59
7dNsHhGeGU5MV01r06O8gK,Patsy Cline,61
6vdqvKitMkkHWbpGTIjGKs,Louie Duffelbags,31
6ignRjbPmLvKdtMLj9a5Xs,Ichiko Aoba,54
4dLuwltQIkqt9NOeRrco61,Hamid El Kasri,32
5jLbQGcvxehi2Z6qkUP9Rh,Zack Villere,43
21E3waRsmPlU7jZsS13rcj,Ne-Yo,80
3gWt5GuzFWCmAHwWVvs4rw,sanjay.,28
4ftctxasGrW5Ud5Pbw6kWq,Loving,54
2vFXOKUQ2uhI9D8vKozoK6,Asmahan,30
24Cf1irKt7kcewb9OOkPum,Joyce Wrice,53
2S8UlyXW4JjjHcbeg8ddIo,702,53
5BLrsIX3Uipmt9QAiZGYEl,Myke Bogan,37
6O74knDqdv3XaWtkII7Xjp,Boyz II Men,69
1e7K8jD3wRuQfnwDAOeGqe,Fiji Blue,65
2mLA48B366zkELXYx7hcDN,Peggy Gou,58
3zmfs9cQwzJl575W1ZYXeT,Men I Trust,69
2hRQpaQds9ectgTszE5z7L,Storefront Church,25
7y97mc3bZRFXzT2szRM4L4,Frédéric Chopin,77
3nL900KIKlV6HBTI4W0pCx,Eduardo Mateo,41
2JzhQYGos3RqV7MT5fWeek,Porches,51
32bkV540WQJ4K9tVfLdNYQ,Dem 2,24
78rUTD7y6Cy67W1RVzYs7t,PinkPantheress,76
00Nnsh2ykMBYnCDsSFGXSY,Earl Klugh,49
0KZ83Y1bF24W54rmvP2qxr,Kaede,34
7BMccF0hQFBpP6417k1OtQ,Action Bronson,64
4wvOIqxZnMlkGJnpdhwLkx,Flowervillain,43
7MsfV9iU1jXeSocUOSL971,Father's Children,32
0oK5D6uPhGu4Jk2dbZfodU,Thee Sacred Souls,51
6HxyfGirXSxH1uD6GiFiDn,Elisa Waut,16
0NB5HROxc8dDBXpkIi1v3d,Remi Wolf,69
74CcYmmNeHKe5PrZaISk8e,Hope Tala,59
7w5cbnOLouZ5bGFvwIF5Ff,infinite bisous,42
4rznUCgRWVTHQX9tUyQ4BV,Ramona Lisa,23
4B5XByhwtjsqGxs91fYMhZ,Ronnie Foster,35
41Nu7NgAj9rJxjj7JDuXrV,Peter Cat Recording Co.,49
3vKT7DifMxpG9CWR7c8eC8,JOBA,35
38KfCZGlEjHIJDKDwH132d,Curtis Roach,45
5WU8v5r46LwBAwXGGCQygh,Satchy,34
6UOV42aOSJ5YrbYzLIfLwr,Sun Rai,47
6mkOssVLhCbXwi57tThPet,Carlton and the Shoes,34
3BBCgZVbXFRzcnT1ewVfRt,TEMPOREX,56
0QNKgy5KDLh5Jvot1TNr52,Shohei Takagi Parallela Botanica,24
6ftaYTAhNSHHO1OVNa7MTh,Audrey Yin,9
7j8I1aIBA9Z9bMy7mTwWKk,Hoagy Carmichael,43
3x3jSlhyv5CiCZDZlaTq0M,Pi’erre Bourne,71
3RsROIs1zuuC3lwIdhJ0if,The Singers Unlimited,42
1YunbgzYuEMMampcX4eGnm,Richard Myhill,30
4b19vuzlDcNdU4quI7L6sW,ElyOtto,63
6hPNpOLunxxpXVwi696pYl,Mohamed Mounir,45
1CoZyIx7UvdxT5c8UkMzHd,Jorja Smith,75
1sBkRIssrMs1AbVkOJbc7a,Rick Ross,81
0ssDUMMQsAhDLqKwBqEnGZ,Lionmilk,36
7CajNmpbOovFoOoasH2HaY,Calvin Harris,85
0qraFJK6boYSp4ZMMX4PzG,Los Retros,59
1vmLIa1VRY38hZoar8AyYS,Chester Watson,47
2W8UTum7bU7ue6m0r14H97,The Dramatics,51
4BCq8rLxGi7uwuk002YkuQ,JANO,0
251UrhgNbMr15NLzQ2KyKq,Rayland Baxter,58
776Uo845nYHJpNaStv1Ds4,Jimi Hendrix,73
4PDpGtF16XpqvXxsrFwQnN,Thelonious Monk,56
50co4Is1HCEo8bhOyUWKpn,Young Thug,89
7tLLSEaHMMJPbsYAz8MkEw,Blue Magic,43
5M0HAqHXyOh3q7WQnvce8o,Part Time,49
1W8TbFzNS15VwsempfY12H,Charles Mingus,52
3Rj0tDHoX7C5NFq5DKIpHt,Stereolab,52
3bvuvyiSOixTa39QjFikIF,Gustavo Pena - El Príncipe,42
0W79ONUwHoehEib1nRXlmi,Angelo De Augustine,60
0ojcq9LJQWMawQdFDw3M0L,Donnie Trumpet & The Social Experiment,51
3rRmDmzPcAFwcUDvG5gBqO,Percy Sledge,57
12Kgt2eahvxNWhD5PnSUde,Mary Mary,56
3SK3gLBgy1jRuA4VnLlcs8,Renée Fleming,52
6S3Z6Me30mtdm526H17v8k,Jockstrap,40
4fpTMHe34LC5t3h5ztK8qu,The Carters,58
3ayds6VIVBx3CU5NSNCDbq,Jacques Dutronc,52
0kvDb0sP1IM6XSQ8ZBi20p,FLEE,42
0SwK6bwzmGkViNoxSbJ5Mk,LAUNDRY DAY,49
7r8RF1tN2A4CiGEplkp1oP,Ginuwine,68
5Matrg5du62bXwer29cU5T,Benny The Butcher,67
4XmfbuyoQBGIMMbDXdFZJZ,Layla Mourad,24
2FXC3k01G6Gw61bmprjgqS,Hozier,81
34W7ZCX0LZeJd8q6boKGOk,Ben Webster,57
5cM1PvItlR21WUyBnsdMcn,Robert Glasper,65
6rFigrNqYr09w8qMoub2Q3,dip in the pool,19
6BkeI9oZkqskZ4XMwy5OFl,Brad stank,49
0A0FS04o6zMoto8OKPsDwY,YG,78
5p2gVFoALyOtm13Fv5TjgQ,The Koreatown Oddity,36
478WAnkTtQach00La2gvxR,Lenny White,32
1DpIDwg8FGD50N9Tfunfsf,The Manhattans,53
5GPOtnbe7RBHBUur5OzpO3,Ted Greene,30
60df5JBRRPcnSpsIMxxwQm,Otis Redding,72
1bBPhOb5yTs7U6dn8nQ3kX,Matt Burton,31
3rIZMv9rysU7JkLzEaC5Jp,Snow Patrol,71
1ZbYvGN9FcTc6aRFm30oxw,Dathan,47
1kTgsTapNxgD7vcgcBoxMx,Tsubaki,25
67nwj3Y5sZQLl72VNUHEYE,Wale,76
24icoQNJSEWNu3XvqKBR68,Jordan Rakei,64
5HthaLyG6SfVxEuA94MAjm,Buttering Trio,33
0YCL71Clky5els6NireSBP,Liv.e,48
2kxP07DLgs4xlWz8YHlvfh,NIKI,75
1VvjB8ztJLmmj2fyL4TkCU,Jay Wile,39
3JDG63cSaK3xgDnB2H55Xp,Audrey Mika,63
3G3Gdm0ZRAOxLrbyjfhii5,my bloody valentine,61
7xUD8EffgmqZfcsxbTSWGt,BENJI GABRIEL,1
1LeVJ5GPeYDOVUjxx1y7Rp,Unknown Mortal Orchestra,66
0a3zDmrvmZcORfPeONPvfL,Rauf & Faik,67
4l8xPGtl6DHR2uvunqrl8r,CAN,51
52dJMOJVjZ8ArXL4dDJ3Nd,Danny Dwyer,41
0YcWbcTVIbLSiKiqauYR1w,Ridgeway,19
2PU4qFehXQF7WnlFsJpBiJ,Raury,55
3Y7RZ31TRPVadSFVy1o8os,H.E.R.,79
36quEhAYqOGJgWM9KTwczK,The Saxophones,36
4NZvixzsSefsNiIqXn0NDe,Maggie Rogers,67
5W10uJRsbt9bROJDKoI1Wn,Moses Sumney,58
09L3cUdx0hq6qn5bKuJJ4I,Herb Alpert & The Tijuana Brass,56
0Cp8WN4V8Tu4QJQwCN5Md4,BENEE,71
1g8HCTiMwBtFtpRR9JXAZR,Fishmans,49
7IYuY1VszmoEUu4o3tNgC6,Zsela,33
5RADpgYLOuS2ZxDq7ggYYH,Death Grips,61
4C9Tvlt8v7d8R6h98FgdUy,bLAck pARty,52
7e7nmtA3OQEUdVjn5rG3Tz,Ethereal,49
7aFTOGFDEqDtJUCziLVsVC,Nao,64
0z3YxKBfeFgP4PK1JQAdTw,Lion Sphere,40
2U1vwQRYQmG7ypKJF1JTEb,R.A.P. Ferreira,46
2s4tjL6W3qrblOe0raIzwJ,Yoko Ono,68
2pLvihTVAElhBCw7HcrIUC,Archy Marshall,41
57d6nBX9AL4PBzXdvWohz3,A-Lex,22
2WoVwexZuODvclzULjPQtm,Sampha,62
3U3zr5PCRa9ty74uN46iBa,SEATBELTS,63
4tSzEOfCj6LXhaf0jtk4XO,Katzù Oso,40
7K4cef9h3NvU7Xb3BH7Ade,Michael Seyer,50
6TKOZZDd5uV5KnyC5G4MUt,Smokey Robinson & The Miracles,60
784kOgkd1H6jU4KgPMYHi9,Jess Williamson,32
5tQMB0cuNXdCtzovGt55uD,LUCKI,65
5W7F9IM2vsR9EDCk5T2Uqz,Yumi Arai,55
2fIsFqfXosF76AwEfqYESW,Lil Pip,0
78xUyw6FkVZrRAtziFdtdu,The Roots,64
2hXHOJwQAdZV2Yd5hbLxgR,Hero Dog,0
2YyigF1NMdFVqQBYyhfmw5,Wee,29
3iyac4PtyadMKV4uaTgKYE,Olivia O.,41
4Zjb7pDzDyAb7mvzFoR3Re,Molly with Charles,22
2pRZp2WxvnWWiSPcSSYkNV,george,53
6aaMZ3fcfLv4tEbmY7bjRM,Isaiah Rashad,74
0g9vAlRPK9Gt3FKCekk4TW,Ab-Soul,60
2rwALQ1SXdfUWPUd6WOfYS,Aaron May,63
1itM5tXaK5THggpXA7ovAe,Skinshape,57
0uCCBpmg6MrPb1KY2msceF,Burial,53
6IiZemRMna678qNhiRkYI5,Bedouine,51
5me0Irg2ANcsgc93uaYrpb,The Notorious B.I.G.,80
3hv9jJF3adDNsBSIQDqcjp,Mark Ronson,77
4oDjh8wNW5vDHyFRrDYC4k,Loyle Carner,67
4chuPfKtATDZvbRLExsTp2,Vashti Bunyan,53
5NtMqQLCzdVvL7F8vFp3zM,Sweet Trip,53
0PxzGnCYBpSuaI49OR94cA,Big Wild,65
3qnGvpP8Yth1AqSBMqON5x,Leon Bridges,75
73sSFVlM6pkweLXE8qw1OS,Ricky Nelson,61
0ABk515kENDyATUdpCKVfW,Westside Gunn,65
7iMfIbYzWN2r9FJSzSiVHE,Twin Seas,30
04gDigrS5kc9YWfZHwBETP,Maroon 5,88
3r80OHMkB3PxfE90ddHqiY,Twilight,30
6mKqFxGMS5TGDZI3XkT5Rt,Angel Olsen,60
1mORehSVEd7lcaT2d7Sl2K,SURAN,58
04nWjOBHWrVkvyjK4PXRNy,The Sweet Enoughs,46
41DoEThFgTTCXT8moE5MBQ,Caleon Fox,30
0dlDsD7y6ccmDm8tuWCU6F,Freddie Dredd,72
1IJe80moz409PtxW4llPFw,Sleepy Fish,58
42VyrHFegrrMrYwq8CuG1r,Dave Bixby,35
2pczECUPwesVJoZapH6iZl,Shelton Kilby,22
0Iww53p8UY2oYtQhfzsSY9,Alberto Cortez,50
51Y9uMxhciB1I5qIAhJs8q,Tru,39
5tCcGNhAW0do4RlIz9WilZ,Dpat,30
5KpmWCJ5NqsY9meqhjwbxR,Unusual Demont,49
16DcOXjCP2hheroOZ3dPMD,RILEY THE MUSICIAN,34
4uqJcc67vdOpT0Yxu0QEfM,Katie Smith,2
6uZHP2IZqZWsBPnt2aGisY,Silk Rhodes,39
1ksFyJwloGn02rzfYN7WQz,Victor Oladipo,27
6GFfu1alUSrL7qazImC160,Keaton Henson,56
6ohvzFHYmLd05kyYhLui5K,Brenton Wood,58
0bARK3i69D9aD9UVwOQpke,Bobby Shew,28
6Sa4YbwEdGlfVSJMF1Lp67,Roy Blair,51
1giPBWN0VDXGhXEIROGhvM,Linda Perhacs,38
12fRkVfO2fUsz1QHgDAG3g,Julia Jacklin,56
3CVDnjIPKEN8xYJ2kIpq4t,Ural Thomas and the Pain,28
2UocIcNiHj5n4tj1CnBzRq,Barbara Lewis,45
0xPoVNPnxIIUS1vrxAYV00,Del Water Gap,60
0TkqXdyWLsssJH7okthMPQ,Jay Electronica,58
05BX9gTvlalkzuFVg3CqyL,Weldon Irvine,40
3KV3p5EY4AvKxOlhGHORLg,Jeremih,78
6yCdWsTDt4Dmb5GMZd5QLb,Kink,41
7gqsi6aBSkRMJoL9psKqMr,Bill Callahan,51
7MNEVabc4cs19CbzAFZmXz,Terrace Martin,65
7ME0heqob2B32S9ofWhOyU,Joe Bataan,47
5o8E07TcYqIefZpDejymAd,The Pied Pipers,53
1TlScGwN8MmIZ7kIYGjSZA,Blaze Foley,47
1Kt09OHecYKH4aJI5ZJdph,Kris Jonathon,27
3Mcii5XWf6E0lrY3Uky4cA,Ice Cube,76
1XNVFs9EIrPqDsmARzDKR7,Wintertime,49
6AVLthptCPhfrxlHadOBJD,Jill Scott,60
0ZrpamOxcZybMHGg1AYtHP,Robin Thicke,67
4svpOyfmQKuWpHLjgy4cdK,Godspeed You! Black Emperor,47
6I2DJf8fZwixA0GTLAvR1b,Atahualpa Yupanqui,46
2J2V1PxHVZ1ANtT8Y2UdTS,Like,42
4boI7bJtmB1L3b1cuL75Zr,Mon Laferte,74
25pbZ2yTnog5SBbk7WyfNn,Chinatown Slalom,36
2DhQz856UBPpfQ1pRS9Nwq,h hunt,45
1tcgfoMTT1szjUeaikxRjA,Ryuichi Sakamoto,60
3K2zB87GZv1krx031en5VA,La Roux,64
2k8kY9zHUWxuTtwV4UutHw,Captain Beefheart & His Magic Band,49
6mcrZQmgzFGRWf7C0SObou,Frankie Valli & The Four Seasons,65
3fC8bJmPyclT1JogYk5YE5,Driving Indoors,1
2snm3HmsnDUDxbIChdl2Oj,Justin Hurwitz,62
5iK0IA5h8WCOKSCfiJGVLT,American Dance Ghosts,16
0le01dl1WllSHhjEXRl4in,Tamia,64
12PSlydMSjEHzSCj9X5qv7,Baby Bash,65
4OmG7TmODI5Rj3q7PV3fP5,Sergio Valentino,40
4HgF4KnohByNElYid7iCNb,Bobby V.,61
0jsnWH4QCKcAMpR7vEhh9u,¿Téo?,58
4UVlSeEFDPmlkYKaRMRoOz,The Garden,61
6JvEcv04PhUKWrUYZJrj1F,Bel Cobain,38
7JFinw4LobpCUjapyKvsjo,Sam Wills,51
1XSmez9xyCCPpOZp0uImwM,Rita Payés,51
0uAjBatvB4ubpd4kCfjmNt,A Flock Of Seagulls,60
3ZGr7nQBXDU2WhyXgRVbt0,Sticky Fingers,68
7CCn4PFRRRZF127jtCBAUe,The Lovin' Spoonful,59
1jeYbk5eqo6wgsQPjLeU5w,Daniel Johnston,50
0EzsHuJxUDcfqSqvoPhKG4,Far Caspian,54
4YISTUJnoZtAy6LjgOpRL7,Ovrkast.,33
00sazWvoTLOqg5MFwC68Um,Yann Tiersen,67
6XoXNsXj8wck0oVUNwxcmF,MIA GLADSTONE,49
7Hjbimq43OgxaBRpFXic4x,Saba,68
2xvtxDNInKDV4AvGmjw6d1,Bladee,68
6pVkGhtBvjj1P52yn0tNLG,Barney Kessel,37
4eArh1v6UwBbKkjdgHCned,Kate Bollinger,49
4IeWU3NYBI9mISFVhzXG8f,shame,49
6HnHBbeScFiQKXt3sUQA3Z,Eydie Gormé,59
0W498bDDNlJIrYMKXdpLHA,Roberta Flack,64
1R4GxRuSVTPSb6oy56SPST,Gabriel Garzón-Montano,46
0rFHElzeddB9ymDjgpBENX,Lamp,58
2GIms8u3bruipn5MOR5wcs,Kenny Wheeler,33
2kCcBybjl3SAtIcwdWpUe3,Lil Peep,86
5Q6ahJqmdN5iYXkTujJIkC,LA Timpa,29
5o6oaYrumOkkzsOmwZXJv6,MALIA,39
1uRxRKC7d9zwYGSRflTKDR,SAULT,61
3JZZpDHgo1WxBrxuleA3Ab,Starchild & The New Romantic,30
1e8LCE63Bot5qj6D4g1keE,MOZIAH,30
1Jqk46QvzUn7SnwmTGX6Cw,Jo Stafford,55
7daSp9zXk1dmqNxwKFkL35,Kupla,64
5ti5FPHgtaSf15KcUisZMt,maye,56
074ZfBySwX9MfQAOlL0hJh,Akofa Akoussah,27
6TWEX2qTj9b0bBsXSVCMKM,Maya Delilah,46
374oLUCju3HTjpggU9W31Y,The Sha La Das,37
5tHs3fthucNRGAFpdE9rmz,Gabriels,51
4ytkhMSAnrDP8XzRNlw9FS,Vince Guaraldi Trio,72
2AV6XDIs32ofIJhkkDevjm,Curtis Mayfield,63
3y1DgnVXqckGJrbwOKchdU,Peter Green,47
72IMQZkf4PoGA2hI2curn4,Elan Noon,31
1anyVhU62p31KFi8MEzkbf,Chance the Rapper,79
73vzL36ohUDVI5YPT5rVze,P.H.F.,42
54tv11ndFfiqXiR03PwdlB,Adam Melchor,60
2ckfYpz65ZueWZa2dB6yXC,Sibylle Baier,46
13y7CgLHjMVRMDqxdx0Xdo,Gucci Mane,80
3R2C23kElKLZaxLN2kxlhd,Teeth Agency,29
1b1N51wmSK0ckxFAMPSSHO,The Impressions,51
0eVyjRhzZKke2KFYTcDkeu,The Alchemist,69
1Ma3pJzPIrAyYPNRkp3SUF,Ross from Friends,54
49WBtnIs3VA1tHR7jQG1F6,Santino Le Saint,60
5qm3bAgsYq5aBOymqkM4gG,Makoto Matsushita,47
2MBzcVjv5fKcXLeVrPlMMw,Jindie,29
74XFHRwlV6OrjEM0A2NCMF,Paramore,79
3i3hJVjioa0cHsB2XzuDcT,Meister Eder,35
33crDRqANd3NQHJagZkQ7O,slchld,63
0t4VVR2T9Sb0z3NdDdEU6S,Louis Armstrong & His Hot Five,32
7hJcb9fa4alzcOq3EaNPoG,Snoop Dogg,85
3sO8muEXafy2NGwUZByrTr,Cody Chesnutt,52
7K5Lm5dxoEwEpOS0Fc3l3s,Anaïs Mitchell,64
4AQrqVz6BYwy29iMxcGtx7,Roosevelt,61
6hnWRPzGGKiapVX1UCdEAC,Sam Cooke,69
2JnH0ilF8SALJEXOjl2ZzW,Airline Food,21
053q0ukIDRgzwTr4vNSwab,Grimes,69
272ygo5fv9cYsiCLcV0HV2,Bill Conti,55
6vLlQYujOujIrm7zAKzEdG,Donovan,61
673J686eeEXMYJorgQ70lX,The Fleetwoods,49
23cC3RI0hgD5sWmXKPAJuG,Matt Quentin,46
3hrkdQYKnihdWrvt66YNM3,The Family Circle,19
0OTbmw4nbgWHiTyqhmz72s,John Roseboro,31
7HhCqhEuuXyVkVWFMQzyLs,Austn,0
4ePunOqQbOYoQwd1298g3Z,Silver Jews,47
16rCzZOMQX7P8Kmn5YKexI,Mahalia,67
4NcMrSi3B8eUVy6e1Ni3wu,Ivy Sole,43
3PF1KBeHYb14yKgsiE693V,Little Anthony & The Imperials,46
4XquDVA8pkg5Lx91No1JxB,Brittany Howard,57
6T5tfhQCknKG4UnH90qGnz,DNCE,69
3MdG05syQeRYPPcClLaUGl,Diana Ross,69
2hWr3AjjKOCVmWcwvuT4uM,Angie Stone,56
6DbqS0X8cSFOPGsvyze2yh,Thad Jones,39
2SlUrJAcTYbWR8GcmB9IEi,Quelle Chris,45
3eCd0TZrBPm2n9cDG6yWfF,DEAN,66
6rAZ6OYwAXqykSlPxqGy8E,Penguin Cafe Orchestra,46
5L2Y03AcUOXCgvRMTy2Gwq,Keiichi Sokabe,37
3nyLAIpid1L92TUVOHX6TR,Gary Sill,10
57ALvbCBaCkNlgTOSiUPdT,Aaron Neville,58
52FotRaJbM9Kepqe2mTNvR,Who Boy,32
6lTiYE2IL4FUqf0CgGjI5i,Medhane,42
6qqNVTkY8uBg9cP3Jd7DAH,Billie Eilish,92
1bulNj9KHvx8haqJBFDSyz,Binary Star,39
0fGcIStdT1OpFFhOC7Wp36,Teezo Touchdown,54
1eYhYunlNJlDoQhtYBvPsi,Ray Charles,68
5f3peNznKH0RaAYeJtDWnf,Love Renaissance (LVRN),47
7uvxsk688pwnBNA62cTKS1,Ana Frango Elétrico,40
71Ug2zQHWlJFjNCK8swHfL,Diana Gordon,42
7dsOMl9N6ds8gsEFzbW7pd,Mvzonik,26
4YHtIE7FI8ITfekzzN5Jpl,Shuggie Otis,55
5p9HO3XC5P3BLxJs5Mtrhm,Djo,55
19rpW44F6JtXkC8TrK6VBD,Mont Jake,24
0Y6dVaC9DZtPNH4591M42W,TV Girl,72
21TinSsF5ytwsfdyz5VSVS,dodie,65
0mWrp0C4ShdOjs7P29Gzan,Soul Glo,27
52MnqrIGCqyidyL6ZkQraC,Claudia,52
4bthk9UfsYUYdcFyqxmSUU,Tears For Fears,72
6iWuBN32BqCJAeXW6o3nil,Cautious Clay,64
1vaQ6v3pOFxAIrFoPrAcom,Ari Lennox,70
35WVTyRnKAoaGExqgktVyb,Hotel Ugly,54
757aE44tKEUQEqRuT6GnEB,Roddy Ricch,83
2vVT4qoxWje0gVD2FiWZ4u,Jeff Bernat,63
1AhjOkOLkbHUfcHDSErXQs,88rising,72
2jFXKAH9A9H8lVnJkkLxXl,Omega,43
3t58jfUhoMLYVO14XaUFLA,Pat Metheny,55
04zbRSHjzlQYvV31SW7qZ4,ICECOLDBISHOP,41
09HEouIeOGUJDpY7xQdarR,Rich Kreflo,28
347ZFDQHG3yurpak2JM97z,Los Tres Diamantes,15
4M5nCE77Qaxayuhp3fVn4V,Iron & Wine,66
2DcAdoxP41GECOfZt2MhQL,Dirty Art Club,47
5Wabl1lPdNOeIn0SQ5A1mp,Cocteau Twins,63
4P20GTWdbAFbEI7yY2ttwB,Whole Truth,24
7izarc0fRIPbdZ8cVyChRf,Spillage Village,56
5rGnc6zmQSjWGJ8KEAvGFq,Sunbeam Sound Machine,47
6HQYnRM4OzToCYPpVBInuU,Kamasi Washington,61
5lpH0xAS4fVfLkACg9DAuM,Wham!,77
4iAs0GwTsi8q6a7ZnzR2Qi,Sharda,26
1McMsnEElThX1knmY4oliG,Olivia Rodrigo,90
3qUMmh5biaB5hqpF4LqS3m,Julie London,62
5XQSLo7FpTb3FJ69O7y2ur,Alessio Bax,48
032KwgTrwjRFmANQ7R0oKX,Ok2222,44
0WZ7IgzdjPvwFdjDjjuZm7,Esther Phillips,47
5GqX6S8f8j6xlPTvlHsVHK,Example,19
2uxy7shOeojRrRr9EwD2t7,Mi Amigo Invencible,43
1JQYskbOoudT9cylam24a3,The Marcels,44
459INk8vcC0ebEef82WjIK,Erik Satie,69
4js8BDiQwnHLlDmT1shPH7,John Fahey,47
3IuEuLez19teZSN32Pf70j,MonoNeon,40
4OPTZC24954HYBeHKeoLSc,Novelist,48
7eoeSctylLEmz0iYRA034U,リアムMAZE1981,0
0RSogp4qeGu0ZM71JRTay3,WHOKILLEDXIX,64
43eSnxk6MsmXsLOlbYo8VQ,Sweet William,48
2QsynagSdAqZj3U9HgDzjD,Bob Marley & The Wailers,80
4mp9UlmXZtOBr08aeUWAVq,Bobby Boyd,7
786hGmAEXHUeCdKPAj3JIa,Katchafire,55
2Tz1DTzVJ5Gyh8ZwVr6ekU,STRFKR,62
5ZQ0ae5MIUYmYDSeQ5V5mn,Yuki,26
4XWaILHqySwH1y6LhlYcsb,ilyTOMMY,67
2bPgXWPfsRSVwpc0SAdgpu,Human Bloom,33
2NCbESF6hLETOpmvwwiaqz,homieunculus,42
3c9eLJ2s9SnsoWQHHA4K6i,Caleb Giles,31
4Ga1P7PMIsmqEZqhYZQgDo,Lil Tecca,83
2SY6OktZyMLdOnscX3DCyS,JANNABI,54
4A9qKdDRFAD16NLNxoAyvO,PIPER,33
1ziop6MvACsEsogEf7Qqd4,Dweeb,38
0c173mlxpT3dSFRgMO8XPh,Big Sean,82
2fR4D8OveDTHMvCvm7paAO,Nick Leng,48
53QzNeFpzAaXYnrDBbDrIp,The Isley Brothers,65
3O5HD95HTEPgoPFOjAb7yV,DripReport,59
6RCI4WXRwG9jnRHZgzBYFr,Manwolves,50
1uiEZYehlNivdK3iQyAbye,Tom Misch,70
0HU0U9kdXEHZVxUNbuQe8S,Donny Hathaway,66
1FbL4RGqW5gvZ2kZNGdfpA,Os Cariocas,42
6Vf4rmMsQbAwiCG00YeEI7,RICEWINE,43
6DIS6PRrLS3wbnZsf7vYic,WALK THE MOON,72
0YgabnWomkooWIaTM6VOfE,Monsta Boy,34
1qO2mRQM4zbksO586oM0W7,James & Bobby Purify,41
0LnHdW6HMPoOlNdhG3DHjE,Nancy Ajram,60
5uy8iXudbbcY6Nlhb1G0TA,tyler coolidge,29
7BxJEL8I7OoAMGyPWn1cPS,Ivan Ave,46
3JLUCojZaHrX2LaUkSj7Ud,Pharoah Sanders,52
5hW4L92KnC6dX9t7tYM4Ve,Joni Mitchell,67
6DPYiyq5kWVQS4RGwxzPC7,Dr. Dre,80
49vCIUW46QY3L5vo1xVFoy,Trae Tha Truth,55
5O35zGUolf87RATk2NgSD3,Hether,48
52MMXmgPC7kDNIYUxCeh8d,Becky and the Birds,39
40Yq4vzPs9VNUrIBG5Jr2i,The Smashing Pumpkins,73
0Y5tJX1MQlPlqiwlOH1tJY,Travis Scott,92
0jaaOnUYwYBQeUTH0sZVe1,Pauline Croze,49
3rxIQc9kWT6Ueg4BhnOwRK,Quincy Jones,59
2z38yNUHr4znIW8i4ZdPOB,Gaelle,31
5yXAFDZNUNyO92l5WTImkO,Billy Bragg,56
2FMOHE79X98yptp4RpPrt7,PJ Morton,64
6oPQiSj92N4mk5jXLtX1bl,Poppy Ajudha,52
4g6vC6ZRpjXy4YUdt2enzx,Devin Shamel,9
0QwAWEp3r3Ut1dYNQb7JzS,Julien Chang,34
0cuIIYEWDS7V1iBl65NtL6,Crisaunt,60
6XGj8QCc5uKv4dt6pkdCKS,Jerry Williams,29
066X20Nz7iquqkkCW6Jxy6,LCD Soundsystem,63
7dGJo4pcD2V6oG8kP0tJRR,Eminem,92
64YO6kjOrspjCGA2GQwsT0,Soft Glas,32
0AlOgXaMBLYvxNEhqHM4np,Rome Fortune,40
0uIVCKSl2eNhWQ1yXxO5xV,Peyton,36
0vYkHhJ48Bs3jWcvZXvOrP,Patti Smith,61
5M52tdBnJaKSvOpJGz8mfZ,Black Sabbath,74
1HSz5qiRNcs8eJ0Sp2LOxw,Roberto Musci,34
6GnCucI2uDaYj1j39GFxkn,F.R. David,58
0AnFvgXbwVibMnDDhCVPPK,Two Sleepy,36
5HFSWl4JPwju06kHxukvTe,Mario Judah,59
7FIoB5PHdrMZVC3q2HE5MS,George Harrison,70
5nCi3BB41mBaMH9gfr6Su0,fun.,70
55EarwWraRQY9diMo9Oeul,Deb Never,53
3IpQziA6YwD53PQ5xbwgLF,Jóhann Jóhannsson,63
2cOfIUqo1gylAVdTTQjWvi,Artist Noir,2
3p6Sps6tkzvz5YzDqAZgu5,Sumwun,29
0oSGxfWSnnOXhD2fKuz2Gy,David Bowie,80
37w38cCSGgKLdayTRjna4W,Mazzy Star,64
3GQboECxDT1xqPPWC30p7v,Charlotte Day Wilson,62
6SYIsHAQ1sPokVxmzpaDBU,Kindness,43
2hl0xAkS2AIRAu23TVMBG1,Kansas,68
5Vd6nIpBPLzJDQDcvILQu4,Early Eyes,47
1ALiu7S9gPJPSw122Ds1t2,Charles Manson,34
2iAyNq1LgQlXcmtM7SzkdV,Aaron Childs,39
3XHvzfKFZkSXEUiZE4WrIz,Michael Hurley,45
2iVOfs3JWS5AuzCZoCJuiz,Milmine,41
5s5jvj5TkkMkQDR28awRsA,The Jud Conlon Chorus,37
1nVq0hKIVReeaiB3xJgKf0,Molchat Doma,67
4aTQ05Ddh21E2CJFSZy7ZW,Video Age,44
7Ihfoi68laeuxOhTJLCa4l,Belle Chen,39
2aVHDjRHRM7dcFkGwahXLG,Lee Hazlewood,54
4kwxTgCKMipBKhSnEstNKj,Animal Collective,55
6PRGhDtDWSgyw60WSfna8v,Soapkills,34
5uPKpDpTOvt1ZOV8DLapRK,extremely bad man,41
56ZTgzPBDge0OvCGgMO3OY,Beach House,74
0Vw76uk7P8yVtTClWyOhac,HONNE,72
2P5sC9cVZDToPxyomzF1UH,Joey Bada$$,75
438JBZR1AR0l04AzcYW9gy,Harold Melvin & The Blue Notes,58
2AsusXITU8P25dlRNhcAbG,Gotye,71
34EP7KEpOjXcM2TCat1ISk,Wu-Tang Clan,70
5X1yJG15xC3PkAid9lt1sP,Tesia,37
7u1V0Ucu5ggW1VaXwh8KeT,Hamid Al Shaeri,42
49e4v89VmlDcFCMyDv9wQ9,Dean Martin,77
3fhz0PcZrd3o3xB8APuoPX,Wynne,38
2nrdQWCHPL51a9GcRJ0RTr,yungmalcolm347,7
4JeG1IusHcsL2owYnsJ7wk,The Skyliners,43
6GZlw08XvZrhMfZuX1kwsM,Farrah Abraham,15
77AKJs9SJqxHXbPgtJPKRa,King Geedorah,52
5zKinanOH8komuiAx6fmvL,Bedside Kites,46
7wqtxqI3eo7Gn1P7SpP6cQ,Salt-N-Pepa,63
1iv1p7qPGZ15cPcRBqhCMN,Adeodat Warfield,31
7COP1HCvVq1cIpZcLQYoNe,Bedroom,61
3yg8VEfEzpr8T9NkiEsycS,Jitwam,48
0ONHkAv9pCAFxb0zJwDNTy,Pusha T,74
1JbveZdEvoMuMyfWbkTYfZ,Stevie Dinner,39
6U3ybJ9UHNKEdsH7ktGBZ7,JID,82
6jhnoiG5LwmWdB2dWFCHcC,NickyZoot,5
0asgDhbf0ZhjPJooNInYqC,Brennan Henderson,24
3MCjwjfIor5FkK3h639qkW,Rufus,52
1mYsTxnqsietFxj1OgoGbG,A.R. Rahman,76
3i7IUsb5VsiJAKqX2Md9Fc,Jonwayne,46
5sy7urwVs9FG9U82yvwmkY,Billy Uomo,35
1bwUhKRmEkOZ1wuTnV9XjC,Beach Fossils,62
5NDMothbpdpq2xHqSjrrWn,Faith Evans,67
0LsO2x5E0KNdMxkWh0EmE0,Kele,46
2GHclqNVjqGuiE5mA7BEoc,Common,66
7rgCh0Go1ezmcV75kXQM2T,Engelwood,56
2hWs22BmQkK4czFtDLnar2,Rob $tone,62
39ZEMGRv3pIYTYKEhr4Abu,The Weather Station,50
2CvCyf1gEVhI0mX6aFXmVI,Paul Simon,70
66CXWjxzNUsdJxJ2JdwvnR,Ariana Grande,93
4LG4Bs1Gadht7TCrMytQUO,The Shins,63
3IunaFjvNKj98JW89JYv9u,The Japanese House,62
32WCba1YzQ9tlXzwP8p8Gx,Words of Wisdom - Truth Revue,1
2wIVse2owClT7go1WT98tk,Missy Elliott,73
3dv4Q4q3LWOnbLJnC6GgTY,Yellow Days,59
7but14WsfXJkF8hm07xx6E,BLACKSTARKIDS,40
2hGxtbozs9MLpSHE11XOOC,Andrey Azizov,44
4XEGQf1EWRZB4xBmIYqEA0,Gary Wilson,32
4JfFdF9Row7UXtdsKtT6tc,Darondo,53
6hxgdnoPfOE2ag75ltz84E,YAYME,4
3RwQ26hR2tJtA8F9p2n7jG,The Temptations,69
4FGpdN4lqGwjrFx9f2E1RI,Genevieve Artadi,34
4Y2i9jhU3jW0PVsvTLIbWX,Appleby,47
0k8UHfMqW86uvhmhHiYzj3,CASTLEBEAT,51
4fxd5Ee7UefO4CUXgwJ7IP,Giveon,83
0gqIrDRL7CEPBWMmkuZPdQ,Digable Planets,54
6sFIWsNpZYqfjUpaCgueju,Carly Rae Jepsen,73
4cSyPcpldERtF4eL3NB9dn,Sunny Day Service,45
5QdyldG4Fl4TPiOIeMNpBZ,Big Thief,63
59NO6KX7wQCG7jGdtH1NtL,Raheem DeVaughn,52
4ETSs924pXMzjIeD6E9b4u,Surfaces,75
6W4vm8P3JFQboO4cvHeqaa,Knucks,64
1ybAN3utgdoUL1MUCtH4QM,Tennis,56
2jBvH2WQA5diYfcpLXM7Gy,Nick Smith,0
1ofhNTFMyFVSs62cJWG0oj,Kingdom,35
2zFZiWQJFFshzojycnXoTL,Bell Biv DeVoe,59
7CCjtD0hCK005Bvg2WG1a7,Carnage,61
5Ur4wFDyKGnavclr0esWLe,A. K. Paul,35
0kDgxQlVYVecF6MCNWJTYE,Pivot Gang,41
6jeg7JBX9J9097esK752iR,Smiley,63
5mqguTgtaoCMNMZD6txCh6,Phum Viphurit,61
5mmXz0LCVnPbgHcZ7KBJlj,Kitty Craft,31
6mOWFF6HJ6krnIpW0CHLQm,dandelion hands,54
5MbNzCW3qokGyoo9giHA3V,EARTHGANG,69
6zcDLZ62JsbVM1nLrQMzi4,Lomelda,46
0N41KJ4H6bkPAm2tx7VS8C,Anna Wise,56
3PhoLpVuITZKcymswpck5b,Elton John,88
1FdUgjmEeGCpmAxXatjiEG,Cornelia Murr,40
6uMjnhpg4OgKmnPaNlUFwB,Sweet & Innocent,21
0WtTGUjbur1R1cNzBvbsMU,Broadcast,51
3wVllS5itPK6rpHwfvNce4,Silk,51
7paqS9zbijptbKVoO18xJp,Wes Park,9
1n65zfwYIj5kKEtNgxUlWb,Siouxsie and the Banshees,61
1Vvvx45Apu6dQqwuZQxtgW,Kidz Bop Kids,71
4k6kxW9Xv4kVbTblyLfygN,Eugene McDaniels,32
0aeq6izGKdpdcBUkXGCHXv,Mothers,35
3vz4G2N0ir6OHPwLtl0qZN,Bendaly Family,1
2TBVFlrEz4Bhg182fcaACv,D.J. Rogers,35
0jOs0wnXCu1bGGP7kh5uIu,Tim Maia,64
3UI7oEDwZ4DH8iAciZEoFw,KESHORE,44
19eLuQmk9aCobbVDHc6eek,Louis Armstrong,74
61JrslREXq98hurYL2hYoc,Lata Mangeshkar,71
3AHFDfqhSqPBecjQDIOIJA,U.S. Girls,43
2ctGMLYVzbPMC44eK8ECuO,RealLiveAnimals,41
2rspptKP0lPBdlJJAJHqht,Yussef Dayes,56
3qBKjEOanahMxlRojwCzhI,Zacari,66
1ZlFYysRdc6YaUH5FkxPl8,The Swingle Singers,35
6vbY3hOaCAhC7VjucswgdS,Twista,69
5tPS5f7Gu3SaJQusdkehtE,jonatan leandoer96,48
1vfezMIyCr4XUdYRaKIKi3,Keyshia Cole,67
4H2uN93zRcRAVmTINvxuiq,Your Grandparents,40
23EA28263XvtIrXuySX6oI,Francis and the Lights,54
072QZuLtCqlAesYnOGY7lN,Tiny Meat Gang,59
2O2KJngZ80ZTK71HamDNYi,Divino Niño,39
19ra5tSw0tWufvUp8GotLo,George Michael,76
2txTOM1PXeT6aMDnEtSbn1,Juto,44
7A2xUGz3Mbq2tJdMfILN34,Mixed Matches,49
2lKVLoBlDFcONGT1XhQsIw,Kermit,44
0m5FakHKCQdA7UN0PIzMcL,Current Joys,70
38xTceqQAKg4Q2TwFCm902,Jeff Mangum,31
5ENM4Vw9brkpcN51HtC8ga,Marlon Williams,48
4mLJ3XfOM5FPjSAWdQ2Jk7,Dr. Dog,66
319yZVtYM9MBGqmSQnMyY6,Carole King,65
0n94vC3S9c3mb2HyNAOcjg,The Head And The Heart,66
4evVEvE5p9WsdXQKBPmAxT,Mellow Fellow,48
2GA3vR0niTdN9RJItcLMtK,多田葵,11
4au9pcYGXtv2fPYbMa6wg5,Masked Man,51
6CTNhXJKT6SdsQspUDIGiY,Kitaro,50
6cGnQM8gIMonRMuKAolYNk,George,29
5B7NeaqVrmXPyF05C9tnZ3,Christian Lee Hutson,44
6Yae9Ia1nq6JLLojBzwN1r,HNNY,57
5a2w2tgpLwv26BYJf2qYwu,SOPHIE,56
68l2i6GeNtwQlhKS59u5bu,Paul Desmond,54
1l6VPb6RazvGirbz5IlbJ2,Rude Boys,22
0NbfKEOTQCcwd6o7wSDOHI,The Game,74
1fmXn9ezSrVGjHSVc6ItcL,Swarvy,37
3EYYw0bxDMBYfLoBehpsNf,"Clarence ""Frogman"" Henry",42
5B7uXBeLc2TkR5Jk23qKIZ,Gustav Holst,56
4XCdfgAKzWti7yoYMRHbNv,The Invincibles,18
6tZLFWPPLQRWjRaDAhVYu0,Tex Crick,26
5HONdRTLNvBjlD2LirKp0q,Maxwell Young,51
2H6XYL9D5Z3ErkxCD0gmD6,Abo El Anwar,50
4ebKlOJFmoNuBQLKSEGDuH,Isaac Waddington,45
3jk39CGeaaSO3FPKNx1RUx,Syd,69
7lsnwlX6puQ7lcpSEpJbZE,Kilo Kish,50
14r9dR01KeBLFfylVSKCZQ,Damien Rice,63
2jbd7OqeJJd1hz81vOXwwW,binki,57
1aSxMhuvixZ8h9dK9jIDwL,Kate Bush,66
2kk1THOr0gsQaAqOj02tbl,Maesu,37
4V4Z3qMCwYofWHtip6ePF6,Bobby Caldwell,57
2Jv5eshHtLycR6R8KQCdc4,Grizzly Bear,60
6PfSUFtkMVoDkx4MQkzOi3,100 gecs,65
3dz0NnIZhtKKeXZxLOxCam,Porter Robinson,66
6pmxr66tMAePxzOLfjGNcX,Beirut,62
6C403AR4y6PjN0xNNGh42m,Shabazz Palaces,40
5QsqiLFA5Z2gmpKBbxQB2j,Hak Baker,45
3Fl1V19tmjt57oBdxXKAjJ,Blueface,74
2QoU3awHVdcHS8LrZEKvSM,Wilco,63
3AaY5O1qS0tcNPHwwMwplt,Jeff Parker,40
0iOVhN3tnSvgDbcg25JoJb,Etta James,69
4wMfqR1EZagrSlYndItxGQ,Field Medic,53
1v7B6ZWa7QRQS3knn3Jvf4,Nito,49
4gzpq5DPGxSnKTe4SA8HAU,Coldplay,91
04aQfpx1U1WQEJkrvGs4ig,Dalida,59
3fZYRT081LQAqtK4ppp4XW,Shaunic,1
7aGhkUVp7V3klWfTFe7AHS,Femdot,49
5IKKS7LhpdlmMwqIagqf3f,tricot,48
5ltJZgIW3OkY5WvuzX5MYz,Mr Twin Sister,47
7ANeFdhioipksT9lqg0Ay6,Ego Ella May,45
4yJhpF6wzsv1nH7ZUQDx1w,Sam Plant,0
3CDKmzJu6uwEGnPLLZffpD,Frankie Valli,63
3eEJnQZUZcQDjJLkBiqQMd,reptilelegit,48
0tpIaEojsimd2hK4Y3nZIX,Nicotine,35
41AbNVba2ccpmcc9QtOJE7,Kings of Convenience,64
1Q33Sd9px79c7lWMbQXwxm,The Flying Stars Of Brooklyn NY,44
79EKbkmOJ9lJwnhTBOqOlV,Baro Sura,31
6FD0unjzGQhX3b6eMccMJe,Ghostface Killah,70
0sAkGlLDh7PmpquXznI42M,The Notations,35
4ofCBoyEiGSePFAG500xev,Regard,75
5c3GLXai8YOMid29ZEuR9y,Nick Drake,63
26PDtWYDJ1KD0brukKsJH1,Jennifer Paige,49
3E2vuvr0IQbReTbXw2MhX8,Nancy Fletcher,41
49HlOY4gkHqsYG9GCuhkcc,Celeste,67
6RxI3tCP0Olcb9dMar7e9e,Arrangement,30
6RWjTQqILL7a1tQ0VapyLK,The Magnetic Fields,54
35xB3GprzH0JnRoVrCfiUS,Sonnymoon,28
56j1OkSq0AMCgZGKVNc8GP,Samiyam,38
4Ge8xMJNwt6EEXOzVXju9a,Caroline Polachek,64
5IcR3N7QB1j6KBL8eImZ8m,ScHoolboy Q,77
2StGd2posp9AImgabK7u8P,The Equatics,43
33LSz2nhC8pCPTb3pd5add,Hot Flash Heat Wave,53
08GQAI4eElDnROBrJRGE0X,Fleetwood Mac,82
4AgusFXPk24LCGMMplX34M,Palehound,45
4dpARuHxo51G3z768sgnrY,Adele,96
7AZwAitWq1KcFoIJhRWb6V,Deerhoof,44
5UA8O7xDhZ74ebRYT0XOxB,Common Saints,43
68kEuyFKyqrdQQLLsmiatm,Vince Staples,71
04ouBKIoUizgF9j6v6TWR8,Paul Epworth,38
7h01MzzV4zMo39ocJpJiCi,Lo Village,39
5c9uFWpZY2MTlk7Rft0tgp,Janis Ian,47
22vqVhfPJab5kkU9txDGX3,Q,60
5WwEQwX3ruZofwDDqtOXwI,Augustus Pablo,47
0FrpdcVlJQqibaz5HfBUrL,Rick James,63
0pKtFEz6xH7d3HPZVDQsyN,Luke Levenson,31
6vVztIuqdDHvYWxOEXCzjN,SALES,64
06nsZ3qSOYZ2hPVIMcr1IN,J.J. Cale,63
5PrHzxc3kFm4hIrGNmelpX,Rodríguez,57
6WeDO4GynFmK4OxwkBzMW8,The Black Skirts,58
7MtJuOjj3rQt4d7IWptckD,Yaw,33
4FXBouJHB0s6E3d6Q9YeSO,James Tillman,38
5CXdWANGwYYRPClH6hhC0P,Kid Bloom,54
2Uuon75BhnuuxdKLYn4wHn,Eddie Kendricks,46
57LYzLEk2LcFghVwuWbcuS,Summer Walker,85
6tUJpYN2aYiXbzAcg0pIOo,Sinead Harnett,65
28pJPOOQTi0RQiZbkmLvfE,Someone,37
7adlRX57hqe6Pc4YHrSGG0,Runnner,42
2txHhyCwHjUEpJjWrEyqyX,Tom Odell,75
6tsRo8ErXzpHk3tQeH6GBW,Black Box,55
6l40OFJhuTbHQ9V12evc9K,Gerry Mulligan,54
4B7EVtenNIwOUxmQ5o5GNv,Eastghost,43
3FXk7WOqY2ZeSzCVJFHJUZ,O2worldwide,35
2qDdxfKUpYg8wc49KIuT3b,Tommy Genesis,53
6XpaIBNiVzIetEPCWDvAFP,Whitney Houston,78
1wmiQ6ytATiGnJs6uFluKO,Jay Som,50
10JL2s5aUztzFyURrFrxtL,Louke Man,30
3m7Ej9zfNto7JOsjKsYhEr,The RH Factor,46
01mXk9IDlVczWwZvVHAiIS,Kamaal Williams,41
0QalUUx2C9F1PGbfQVcHAd,Kaelin Ellis,39
2eEdnVmeOyItecJdIpvUuN,Milk Flud,24
5vSQUyT33qxr1xAX2Tkf3A,Clams Casino,62
111M3zZe92O4PHvKBl8nCT,Nicotine's Famous Honey,0
6hrEc1XqVcGLK0Di6zVADR,Mary Lou Williams,40
370nbSkMB9kDWyTypwWYak,Haruomi Hosono,49
6sqZoZxe9BQwk7Zxh6STfF,Kadhja Bonet,54
20s0P9QLxGqKuCsGwFsp7w,Mario,69
6atGQM99IrRfUefJFore1B,Junglepussy,48
0bhck1r45kgsoMNBVqIziz,Carter Ace,46
090VebphoycdEyH165iMqc,Shirley Bassey,56
5cgtn5YWC3Fr06wTps1dBq,Goapele,46
5tUXmYxbTOHkfbb7GSxLgg,Youssef818,0
69xk8WFDPSKCUCAe7fP6mw,Shy Lennox,27
7gvbCoLA8lJUktp8G2xIRR,Peachy!,63
1ZzqxDkqNDAJVaNO1xue3P,Fabiana Palladino,26
75opyvDai90a20RL9VSa7D,Djouher,31
1ti0u37FfK0AO8cM2n7Ncr,Iris Temple,35
1tP3R35TdPW8BMwmTPOoVZ,Arthur Verocai,53
7lq7hz0Z6rG6v9zbJRRn4K,THE BLOSSOM,41
4eJdfmQbRaPDjYJ1JNgXTp,Palatine,36
3D190YovE8ARvX73iydROl,Totally Mild,24
2XLDoRIbLGPDqTXeTrVIbo,Marino Marini,41
2BpAc5eK7Rz5GAwSp9UYXa,The Tallest Man On Earth,58
6S8iF3O4XNvUO2Ipg47yFq,Sol Monk,19
4zFl6Atlg4D4kIb0U4gc3Z,Lord Fubu,46
15fMBLwvm3qGTWXgdxOUCV,Yung Heazy,40
3qEnCAnX23lvoxZYtBiPgL,ENNY,54
56oDRnqbIiwx4mymNEv7dS,Lizzo,76
0ijXDXPqvo3fzBrGpVjpV4,Lara Anderson,41
2cqOQciwC7YwjFMUFMJfwZ,iogi,45
7HGNYPmbDrMkylWqeFCOIQ,Caetano Veloso,69
78X7quh8fqAGZ42OpLmUW0,Wiki,49
7tzI4rSFTHafjF18ZrNZWx,Jens Lekman,41
271VKuMFfkvkOARw07aM3H,Hako Yamazaki,37
6cnJ8gP9R3JEh5mCCvOwz3,Evinha,38
2SJ3xpG9fseCPIqePAGp6o,Andrew Ashong,40
1ztTVMgVpMa4gESKeL60xU,Blah Blah Blah,34
2hWD9jbxq2spqxPTuNyuVN,Johnnie Frierson,31
3uwAm6vQy7kWPS2bciKWx9,girl in red,79
1zkHConahaP6T8EBpg8BeE,Ethan Gruska,49
35RvGPQ1OxbEZknWyiaAcs,Two Another,59
0J6PhnVD21GSFoJ9HoadLH,Milo,46
6uECW2kkdzWLnsZrxnZWDG,M-Dubs,26
1uG20irBFvpZjeXVtQLEFY,pandi,23
4DpmPt7gfAAq7WEx0E1X8s,piri,51
1b8kpp4DUwt1hWaxTiWQhD,Gal Costa,61
439Dw5xIEnUHlgIu1QS2uF,Stello,31
43ZHCT0cAZBISjO8DG9PnE,Elvis Presley,80
1xoxekeb8jUVHKJB7m6bfg,Tyler Cole,77
59KX7XUUgAOOo5IyDjca0T,Verzache,66
4STHEaNw4mPZ2tzheohgXB,Paul McCartney,75
5mFKYdmiYwNJTDtSzgFyQx,Andy Shauf,56
7o95ZoZt5ZYn31e9z1Hc0a,Natasha Bedingfield,68
3NUtpWpGDoffm3RCGhSHtl,Mount Kimbie,56
1LlKtmnluANdN9NzI1jsIp,Cisco Swank,20
4u3JZVJYDq2F3KgnUFw9dp,Abstract Orchestra,42
5aMIbwZQvP2MHPMVC5zCGj,ODIE,64
62DKpfVgNt372d3Zz6TRc7,Teddy Hyde,56
1b3F5FI7TX4IWTNA4P1kWp,Hugh Masekela,48
0pg0Zm8FsGAYy5kdHuBnSo,salvia palth,63
0ypSujQpBRgRAeOS7YzhnP,the booyah! kids,43
1xbu7UyVdZxwIiNfLcUKqn,Paul Cherry,40
4G8qsHO0ipAGtyto79fWjo,Ruru,38
1sv4R3zgpumtuWVHl3yYAQ,Joe Davis,1
6VgPyGeGO86DztjK7GCYT3,Boyish,45
1Uk1GyijF6fSfX4mWq5bfR,Samia,55
4OEbC7T2MsiXplZhj7ljRj,Brief Encounter,26
7LOW1cB3NuRxZsxIo7g05p,Jon Bap,34
7GdGZWPHxDEu0ppvLoB4GO,Baird,46
1HJHwWck1EY096ea2iPAHO,Clifford Brown,53
0E4NHpF5yXQw2TNkRarHKy,The Licks,44
1puLsaxX9EwudKrNBUVFe4,BOYO,43
6vuD08WKtmp1yc7kQx1rBm,The Main Ingredient,45
1i7cEH8mSvCwBkJOnttMO4,Jota Ese,0
2jQ6wRQ7yP1UrctodeuYQP,Butcher Brown,43
5sD7Cf3SaTVcrg81GQi1Xk,Piero Umiliani,48
2vm8GdHyrJh2O2MfbQFYG0,Ingrid Michaelson,66
2JL8JZ94wxub1jfqNjJrky,Westpark,0
3z7UfvAcBGH3jxImWuvGNZ,Jawncarlo,14
4MbRfFtyXLbOnccfjBE69n,Hush Forte,41
5PHOUKyz1tjA3vaDPIIVE0,Armando Trovajoli,41
6oMuImdp5ZcFhWP0ESe6mG,Migos,81
5HKpBHDxIDNdtmEAGXGntl,Robert Fripp,40
7gRhy3MIPHQo5CXYfWaw9I,Azealia Banks,65
5zbFRbEu3FDkqN4j1awLLO,Dev Lemons,41
0fEfMW5bypHZ0A8eLnhwj5,Kelsey Lu,49
36BjLtXEXIifbRrfc1Rtqa,Yuno,49
6YJ4EgQzDfJnIHRbqIHAdD,Idealism,64
6LuN9FCkKOj5PcnpouEgny,Khalid,88
5w834ZosnqiBBV8xXCi3oD,Willie Hutch,41
7yntSJ6uojO3z6GFUVwhAW,CORPSE,73
4EPyKMgsR7JDuW9tL0AYZP,lilbootycall,46
32LHRiof0sa4taYew9i3Fa,Dinah Washington,62
7w8xMJxmzaZeeHRV8eToLT,Dee Gatti,41
0wY1K9SgxbaRfoFRmSR5x5,SL,65
2QpNu8tDPv9n7oY34J1TtN,p4rkr,59
1CgE69lpZKGAcA5kIIK82D,Maurice Williams,28
4mErKO4g29SXtBwj4S80aB,rum.gold,50
5GXruybcLmXPjR9rKKFyS6,Jimmy Smith,48
5xeBMeW0YzWIXSVzAxhM8O,of Montreal,54
4Uc8Dsxct0oMqx0P6i60ea,Conan Gray,81
2EExdpjU4SK3xnJHO5paJf,Henry Mancini,59
0Zw8sTpBgkK7Jezb6m07IA,JERHELL,43
4FirQ33WFYSxKUY7KRjGqU,Wendy & Bonnie,26
05YVYeV4HxYp5rrWalvuE1,"Grover Washington, Jr.",69
6Tyzp9KzpiZ04DABQoedps,Little Dragon,64
3diDUq8QMCCtx8a4Jy42aO,Hana Vu,45
6K3loJxbWoXzVycXOBKh7P,Mark de Clive-Lowe,38
6OOxsmeDk34xk6Ok3Ap95C,90sFlav,55
1Uff91EOsvd99rtAupatMP,Claude Debussy,72
4T8NIfZmVY6TJFqVzN6X49,tobi lou,65
296LotOmbj7eOX7r9l46fK,Soul For Real,54
0xOeVMOz2fVg5BJY3N6akT,Jaden,75
1HvH97rzvCH6lfnLlgyfke,Genesis Owusu,54
7MoIc5s9KXolCBH1fy9kkw,Japanese Breakfast,63
2RqrWplViWHSGLzlhmDcbt,Yaeji,57
7B2edU3Q7btJoNsoHCNohM,Laura Marling,60
0noGuFQT8fxdugdG0gfVkt,Kryptonyte,31
2rTfAlIGCbL5KEsonGRCnt,Gorgeous Bully,38
4DuZTASH5eSyd0K73W6fuZ,Joe Pass,52
5Vuvs6Py2JRU7WiFDVsI7J,Lucky Daye,68
502gYHkFCtLzBIcU4ctPLd,Zeph,51
4Ajgo7nAsTzjSFymIfBjZ1,The Felice Brothers,46
4TwHRCIu3Xg9fjS3l7owkp,The Gap Band,58
2DaP4uXwKOXAaD77XokW9a,Dream Wife,35
3lWVgSwutPsiJ8Awm7OTKU,"Slaughter Beach, Dog",50
0WjtdWS6su0f3jrW9aqEHl,Berhana,55
7JRs0G0kHZTBs0Lo7qOjL8,Dirty Beaches,39
5cVeSOiS002MF1uiUFOPV5,Mob Rich,50
6vWDO969PvNqNYHIOW5v0m,Beyoncé,86
0ECwFtbIWEVNwjlrfc6xoL,Eagles,78
536BYVgOnRky0xjsPT96zl,Two Door Cinema Club,70
3gGUMEwIX6XodWsYEvKSal,YBN Nahmir,68
5CwnPLe14OgA87UgZhzDBc,Koji.,28
33XkS6h90eeK7e6OJHw0mq,Yusef Lateef,47
6Z4JcgqrqgysyHIPRtDIHo,Baby Rose,46
0EVUivUkugMtNF09L4QBMH,Hi-Five,46
0TtJkRL3Qzlf0aX5ozf7Vl,Why These Coyotes,37
3r1XkJ7vCs8kHBSzGvPLdP,slowthai,67
4JbmXqez7WvTggoxn3UpVT,Ghost Town DJs,48
3KjIiIRezfhefvm4p4Tsp6,Ry Cooder & V.M. Bhatt,30
30q5mqJmdYPaKabPMytzvv,The Intruders,44
4PxPpid4wSQJ630DTqZ046,OTTO,38
50sftj2oW2iBviA6RkTzsz,Silva,64
5jhOKUKelOi2Z48KR6AyWj,Fox + Sui,23
6ft7JnxMyZhp7N52qzHymY,Vansire,59
6TDPWmubGB47N1MIK5sga8,Palmas,31
6psQOFgr41pQ2CiL2CCi47,fantompower,50
5sWLqFd05O4FR31mmyNLkZ,Blue Iverson,38
3z5maWY94RqkaIis3Xh3M8,Josly Meso,33
4uFZsG1vXrPcvnZ4iSQyrx,C418,70
6aypy2lqG1sGhNlO7j1LxY,Aanya Martin,1
6hQS54VPpxunuwR0W7usuo,The Technicolors,50
3Ev909RWGZFi2lajBUcMOx,Bulldog Eyes,30
4s8ZGMVf3OiPktSP4ulpqU,9th Wonder,62
1GxkXlMwML1oSg5eLPiAz3,Michael Bublé,86
6YwDgZxJVXO6N24VU8XMU5,R+R=NOW,33
6vxLksbcEKuIRr06AZlQUa,Paolo Ghetti,5
0X9vdekJ6sIKcUvwIgVsjW,OGRE YOU ASSHOLE,41
14H7ag1wpQOsPPQJOD6Dqr,Zero 7,60
6pF6MN603wSrisJcf7HS5v,Lonely God,61
4iHNK0tOyZPYnBU7nGAgpQ,Mariah Carey,84
3JDZy6EWo6V8yABANunf6V,Puzzle,55
4yvcSjfu4PC0CYQyLy4wSq,Glass Animals,85
3jOstUTkEu2JkjvRdBA5Gu,Weezer,75
0IwlY33zbBXN7zlS9DP2Cj,Nico,62
3ZUZYvTkSr7kJQyAXVpqaL,Donald Byrd,52
5QYNOQABzIbQubeVVKXJD3,Giorgio Moroder & Joe Esposito,25
3ETLPQkcEd7z4k3IbZmXMq,Cleo Sol,62
0AVE7rDx4X9w0pW1XlN1om,Michael Franks,50
2xVsrAmTyLeCvOvPqTo767,Jaydee,42
3yyMj0HKvaDdsMwMthmdv9,Reverse,23
4S2SXflg2mPZWL3c8mhL7b,Twilight Prince,24
2CgysNw5B7rFNRtRjQbPZ9,Ryan Hemsworth,48
7uwY65fDg3FVJ8MkJ5QuZK,easy life,63
0vRvGUQVUjytro0xpb26bs,Arizona Zervas,72
7zrkALJ9ayRjzysp4QYoEg,Maribou State,64
3yJnBqAoRUNeDabdYoiYWD,Pink Guy,57
4d53BMrRlQkrQMz5d59f2O,Mayer Hawthorne,58
54heUC6BlH6ykf1dTGLiNJ,Genshin,48
5H7nJuWib5HbOYYwaAODwn,Buddy Ross,34
6PhJqhvF42CZ42NUmxIKLB,The Persuaders,40
1CUY1Aq2hDSTpopTPO3pXu,One South Lark,34
3Uobr6LgQpBbk6k4QGAb3V,I Prevail,69
0LyfQWJT6nXafLPZqxe9Of,,0
4hCKF3RZSkFSMntkfCxO74,David Axelrod,36
0bBrsS9ufPAmeFQgDNG54O,cehryl,41
46SHBwWsqBkxI7EeeBEQG7,Kodak Black,82
77tT1kLj6mCWtFNqiOmP9H,Daryl Hall & John Oates,75
2EsmKkHsXK0WMNGOtIhbxr,McCoy Tyner,51
32zeX1IoVKAGWMyy1isKUq,No Vacation,58
2OR0M36gpXi2oIOsG5SJ3j,Triste Janero,26
21IgTzfAyrn8DJpEY7F4DM,Rosie Tucker,44
6QEzUmS4jWVbc6JtYV7OvB,Love Apple,30
5ObBtv5VunwwhQaXXnUrsM,KennyHoopla,60
2JnmbU4G6t4GPZpIl5PUCT,Omari Jazz,22
1grN0519h2zYqpRtYbDZAl,Larry June,65
7Aw7RMHmISxyQBftcksDZ3,Beach Goons,49
0Lf3tvw0Rzwr38KDrShstn,Francis Lai,49
5gspAQIAH8nJUrMYgXjCJ2,Kurt Vile,60
5z9wLR0RGBcWMXr4fCZW0K,Greentea Peng,60
7riIDkMpiCIuZUbLaScpQq,DAISY,41
3ESG6pj6a0LvUKklENalT6,Doris Day,63
6jcPHv7qVfqysvBT7Jmn7K,"Jimmy ""Bo"" Horne",40
1tHzhv6nGl2i5ZaSSFiwK7,You'll Never Get to Heaven,48
2o9yy7JZaNONL55k3AtBKU,Michal Urbaniak,24
3xJTfsHCkDcyYj5fj3jEC7,slr,32
5ABR2gVsVZ6Ma47en4ztrx,Amar,11
3s6o8vxtYJ1utkWl8EXxUp,Nels Cline,34
1vVHevk2PD45epYnDi9CCc,Jack Stauber,67
0S5gD7VAwtV4l9U2Jx8jyK,Riven,54
6C3k9nRFhO96JpYlSQwPHo,Yung Faygo,3
7t8sK02zmZ9f6e6eJA9oSJ,James Ivy,41
4fOeUqO6hyPt3njfQRX175,Nat Turner Rebellion,20
3J8YGHzxEZzHRYVxGmQCvJ,Dazey and the Scouts,51
6XGJvNG372fPJ2TV2OoN0Z,Classics IV,44
1WXAzKcld8b4tZIteRi14G,Blonde Tongues,30
3JcGZ9gszrHCHXC9wJtNko,Sunny Suljic,33
4nUBBtLtzqZGpdiynTJbYJ,The Voidz,55
6kNluNBHa4sh5BKIvyiDgf,Domenique Dumont,49
28z70aQRbXNFU0OP930suZ,The Paradise,29
6JK835Cc0wdvWNVDsfrpE2,The Hollywood Prime Time Orchestra,28
3Rq3YOF9YG9YfCWD4D56RZ,Nujabes,63
4GoD5FJCgC0lbzde7ly44M,Biig Piig,62
6vfR5QRc3xca0KvpG8KZBE,Teedra Moses,52
3x8FbPjh2Qz55XMdE2Yalj,Nick Mulvey,63
0NIIxcxNHmOoyBx03SfTCD,Tinashe,73
0wnYgCeP013HkKoOyC5V32,Allie X,62
6dAtGAnHCQ1ujMUZ9Ep82k,Grant Green,47
0qFGOYMp02kOJbHUXEMiXz,Archibald Slim,38
7x2a9uyqlWbE9LwcoQWDTo,Almendra,50
1Cxiw1j8YapEOhSmJWteHW,The Vanguards,33
0hU5urLse5h1Z0b4zQkovL,Graveyard,47
4s2RfNqVSy0S6oD9RkUJv4,Burning Peacocks,29
4MT97VeycuegSicrrphisJ,Mint Condition,51
0WmzT6tMLhdST5BfYagbha,Mort Garson,48
7LvIRMqxj6R39lRFfugeUS,Housecall,36
1gUi2utSbJLNPddYENJAp4,Abhi The Nomad,58
1n8hLoV90OhFCYXLtCD659,Deaton Chris Anthony,45
6KG5xGfyTD22KGnHreO6ek,Dried Spider,25
607e1j0oVX9hpFGRQrL3TC,んoon,34
5FsfZj0Mp6YwEWytuJUcWt,Jinsang,62
6EOZim46RHGGWpKqsD6OOG,Mohammed Abdel Wahab,31
3Vl9fyKMIdLMswk8ai3mm9,Rebecca Black,54
5ESobCkc6JI4tIMxQttqeg,Bessie Smith,43
62GnBjssWSXBlKvQohT2Bk,The Chordettes,55
2P3cjUru4H3fhSXXNxE9kA,Blackstreet,65
17hR0sYHpx7VYTMRfFUOmY,Maurice Ravel,62
6MDME20pz9RveH9rEXvrOM,Clean Bandit,79
3dARAXCvpfs8AjN8JpmNrG,Wavelength,30
3XxNRirzbjfLdDli06zMaB,Eyedress,75
5zVu34ozw0BzXIcNHqkO0u,Liana Flores,63
1O5IeYqvtwnWzlNq3Ux3jd,Aeris Roves,47
3K8X4ZoPqijzc6QSP4eAQF,Ramona,51
5UgGWJ0LpDer5DJWTuWgBw,Thestand4rd,26
2wfGvctJZV4yvkfzcb5Itk,Goodie Bag,33
2JfVCMa3FlvQRlLT5uH9zb,Nancy Wilson,57
7EhUXju6pssa8o3CvFJTew,Cortex,51
2hR4h1Cao2ueuI7Cx9c7V8,Cavetown,78
2ums0zsrtQqsI77ol2KIRt,Dwn2earth,48
2x9SpqnPi8rlE9pjHBwmSC,Talking Heads,70
3iri9nBFs9e4wN7PLIetAw,Garrett Nash,69
2z6JjrrJKNLilqlx8mlxcc,Litany,54
63MQldklfxkjYDoUE4Tppz,M83,71
6AQEfqGPSxZX0nJVonYxi6,Inner Wave,59
6zFYqv1mOsgBRQbae3JJ9e,Billy Joel,78
41hQ0PoEyj9xEBhwt73aWC,Tatsuro Yamashita,39
0qudezVgvl4Chd9BgNFB83,Chilly Gonzales,56
4hUmsYcvD8C5zuVSP93jb1,Miki Matsubara,63
1ejkQAcOu9cl7kEbZ3Nb8b,Johnny Goth,53
5VF0YkVLeVD4ytyiyVSIiF,Dirty Projectors,48
0TImkz4nPqjegtVSMZnMRq,TLC,70
5qeWpRuIDDT5BBPojh8afd,Amber Olivier,32
3Syq5u7SdSRuUM2TXUg83A,North Morlan,11
2B2dZ6tZkA7MAHcPaHw1wF,Myles Cameron,47
32fNbCzrzfsTbMHjznvm4S,Nat & Alex Wolff,39
4uBSazM6snEc9wCG3jMlYt,Pat Metheny Group,54
75AKgMMrk1CG5sURNvyX9s,love-sadKID,57
0s7581IIWDf3wgPuifQeMB,Hanna,34
4F7Q5NV6h5TSwCainz8S5A,Duke Ellington,62
5ehQsvqbiNAVZADhzHy5JO,Harry McClintock,39
795yvukGj0UOfcP8uftDq9,Branford Marsalis Quartet,40
4nXOZlYoAD67hF9aUEncMY,Pouya,74
23NIwARd4vPbxt3wwNnJ6k,Parquet Courts,58
3lFDsTyYNPQc8WzJExnQWn,Sammy Rae & The Friends,53
0xGtOrmB2hnrNRLG3vhpSo,Anri,58
4as3khXWaPjfkFdCA0JWMo,Jesse,59
1KA3WXYMPLxomNuoE22LYd,Gram Parsons,46
1FvjvACFvko2Z91IvDljrx,Mick Jenkins,65
6zkX5fhrSD4tdVOmimR9wB,Oscar Peterson,62
2EMAnMvWE2eb56ToJVfCWs,Bryson Tiller,81
37UBXFAuwG66gXZSVL4Qnk,Lion,29
4YJkA3YshwZ8FwljpMW0II,sagun,60
3USnxGzMBgPbo1voKIMOTr,Cordoba,1
71uGKB11tJQ1uuLLppcHDj,Hiroshi Sato,38
1ukEEwzjucRtFTxiw2DrDZ,Goat Girl,43
0cGUm45nv7Z6M6qdXYQGTX,Kehlani,79
3H7Ez7cwaYw4L3ELy4v3Lc,Håkan Hellström,59
0IbD9X6mgxyaIKT3aqzioT,Harrison,43
7E3BRXV9ZbCt5lQTCXMTia,Ólafur Arnalds,68
2SwcjQQ44a8ZPPYsE2FGhV,Prophet,26
2HSEdXKVq1WWtBbsIeNjRX,The Frights,57
3Aum3IcJEKuGsWVPBZnvyU,ROMderful,49
3OqgnoaUHWX4ih4oAL0zzQ,Hare Squead,50
4nxKz1dRYXnsGzN1lUURtG,Leith Ross,51
6nS5roXSAGhTGr34W6n7Et,Disclosure,76
0p4nmQO2msCgU4IF37Wi3j,Avril Lavigne,79
7GIgWnjx8RK1OJsMJkevgg,Burns Twins,33
26dSoYclwsYLMAKD3tpOr4,Britney Spears,83
5T0MSzX9RC5NA6gAI6irSn,Estelle,68
7x3mbyjfOZ9y599MHmyNOu,Heems,40
5Cku4OBzfFNMx4tdgDgFNA,Jhelisa,32
3rbOOc4VJ3BFxQXKppOuQP,Jeanne Moreau,44
7ysZTe2PbCTqmC2tE1dpCk,Kid Sistr,33
1p8A4FgZDL8Q7o6BO3NwJk,David Shawty,46
5PhoNkzWUeTayL3gJv4Gvn,"Lucie,Too",33
3jYMbLiDsolykGjYaMNL9b,Yinn,16
7FwBTyY30JFZ0kLsbh29yQ,Sylvia Striplin,32
3tVQdUvClmAT7URs9V3rsp,WizKid,79
0WC6O2ZzUcDYvcmt2mGh8c,Chavela Vargas,53
4mkoIBQQrIr92zsHOjNylb,Tyler,13
1p61k7x0vaWWURWsPOCoj4,Prima,42
4DJHbK2NrlVn7hCkTrUs69,Jadasea,28
7BhFHZkSEe09pVDQZC6kVf,mimi bay,44
4TawsE40Mpv3OXyoW5ZmsP,Majestics,25
6xrCU6zdcSTsG2hLrojpmI,José González,68
1yAwtBaoHLEDWAnWR87hBT,Modest Mouse,66
0NFlmEJpgyF2sO4mtlwFfl,The Backyardigans,54
187xgSpsFH8mMbAcoCW0zE,Billy Paul,57
2wY79sveU1sp5g7SokKOiI,Sam Smith,86
1dTBAtLZBUB8Ir4PmJYw9t,Hala,43
7ebBg3BuRFa2satTcY8whC,Billy Lemos,52
3DF0ClNOUuvS3gh8V8sRJH,João Bosco,50
6O4EGCCb6DoIiR6B1QCQgp,Toro y Moi,64
0ejC7uoHm9rW22mjbLpDgY,Hyldon,38
0djwmjAQodJ9TUT6V1jSja,Wydes,0
5lcDGoJUr5WY5bCFAfYbCU,KIRBY,54
6imRNjLGoofHTQtBEk0ooM,Box Dreams,20
4U7i0wRZh9IIHbjuECMyIq,Shintaro Sakamoto,48
6UCQYrcJ6wab6gnQ89OJFh,Headie One,71
0hE3uA2w3guHeKvuc7BpRr,Deodato,45
1QtIfAa6y7w2JhxYJhYeUG,Color Me Badd,53
0WP1sO0RYZHeJyd8PLSRBp,Brian Bennett,35
3qqkHeEhezlIaNj1vFYH2r,spill tab,53
6u6AbTVrbabv27DLcSrF8i,Serena Isioma,59
3U2DfAQbDTbPbbgFoqqxeX,Penny Goodwin,29
4LhV33vJvXmFGSM3m5RzUR,Blake Mills,48
1xnjVcpFKLyslnjI1QOqnF,Randy,34
7cvljqLNhWNFMb8wP2NImJ,Moe Shop,60
1UUYAQ9LiRsZF0ZukQNWXM,The 5th Dimension,53
1xD85sp0kecIVuMwUHShxs,Twin Peaks,51
2sd9Q3r0Jhqpe3w9WVuG43,Crystal Waters,62
1GF4ofsLalfOCJgQXUteDk,Creator The Tyler,0
7vNNmjV14SKQzlQAEg0BXP,Jean Dawson,51
4YsrqTdpAhO2hCb9Hk9bJW,Orquesta Sublime,23
4aPT61obombRBkg2Fx69i2,12 RODS,32
1DhiWyne1hHwVHTti49o40,The Long Faces,41
5TWpCLIhvGlbJmLK1zNpiL,Eric Whitacre,53
1wJQvcfqhxMm2X6ErAZNrq,Tsegue-Maryam Guebrou,52
3WwGRA2o4Ux1RRMYaYDh7N,Mariya Takeuchi,60
5dHt1vcEm9qb8fCyLcB3HL,A$AP Ferg,76
4GmataFSHOSQWxuuUX57Bh,Jim-E Stack,51
0JxWz42OKiQ0V3KzA4mDF1,Alessi Brothers,46
0P0xfWeg32j9iUTHCullrj,Cullen Omori,28
2b0aKuno01NxPWVCUVIEc8,Elijah Who,61
2Siif16HplPeEp1969X9Xx,The Bonnevilles,23
2scnOsuExko5GJdIYZdEnC,Rachel Bobbitt,40
70Lt8mDrIXmTRNNIgEyWEY,marlon amour,16
1iNqsUDUraNWrj00bqssQG,Dreamville,68
3QFiymmbJlVBPpnrOatEAk,Myd,65
1ZeGksupgZKMlzvtBjMEEh,Rupa,31
05KDKIpxshxrB9BMewaCBW,Love Regenerator,55
1255GTUKNCLCTvH9ctD4cT,Dru Hill,58
6XiSck3QPuXk7ho6zlDz3P,The Bees,40
23zg3TcAtWQy7J6upgbUnj,Usher,81
32vWCbZh0xZ4o9gkz4PsEU,Dolly Parton,74
5QeCklzEEYSSLWeUxuWeBy,Taeko Onuki,60
6cHQUDAPGKRE2NbVjBlOcz,Erasmo Carlos,54
2hkZGvBotqZ7uBBUnBwmLC,Les Paul,45
1Pe5hlKMCTULjosqZ6KanP,Martha Reeves & The Vandellas,60
4bYPcJP5jwMhSivRcqie2n,Adam Levine,75
1uvnDqn7UvVy6orSq1E2YF,Sungazer,46
4cnFw4bkIWVGKUBsr93OS5,Stephen Day,53
2kjrM4RpZVRBHy3hjgJCr7,Felbm,48
6bmlMHgSheBauioMgKv2tn,Powfu,77
1UJKiAI4Evnhh1ExDse25D,Dreamer Boy,54
7ITd48RbLVpUfheE7B86o2,The Decemberists,58
7GnedB795OhbMbojdC3bzj,Sami Yusuf,53
1YZEoYFXx4AxVv13OiOPvZ,Devendra Banhart,61
1EEbOYIZFHRuGEgL39cN3s,M.A.G.S.,47
6pOtVlJugMBAdUU8OU1xDe,Ainslie Wills,47
3u1ulLq00Y3bfmq9FfjsPu,Ween,60
7z1zaOeWiHpl4SD2N9ZBgk,Bloodstone,42
0HsSH6vmlACeog0qcbbz0c,ALIAH,12
5vNLpqTjRXfz6uHKs5hnvD,Randall Thompson,18
2GUw9Wzha61PkZoRVv1PDD,aldn,53
4tRZRfhgfLEIUI9mw9Njy2,Sunni Colón,48
31uyAcnY0kjjKKIQZMKX4i,Grouper,59
1PMiXPKjsgXEDDcfIRNVaq,Matt DiMona,38
7g4J1MFlUtDs117ACUxoUu,Hassan Abou Seoud,38
0QOQc6jEsPX5Y45TV0hXQy,Chaos In The CBD,50
0tTHXoich2PK1inzQTz5Bw,Playa Fly,25
2qT00AHF3MRbAWUcpf4pPX,Phillip Martin,5
0Ic21br4X3YoE8wZgwTK0f,s. lyre,30
7c6eQSFEfIt9rV3gh4cgtj,KAINA,38
4hfcSstwnyuBoek1dQwLkG,Cymande,52
1CMml5seBEaxQzlmaGxMPx,The Buttertones,52
6wW4D3fGgRABc3cAotb0RS,Current Blue,38
7EJbIeuxQY12K2EQoRbPC5,Ahmed Adaweya,30
6YJmIS23jxjp6Edi2zTPzn,Ana Mazzotti,33
20PdOyVym0ZZrOB1rfcvCR,Spencer.,49
62IUrFqq28x2SbRdzm9sQt,Hassan Shakosh,52
6mQfAAqZGBzIfrmlZCeaYT,Chaka Khan,66
4QkSD9TRUnMtI8Fq1jXJJe,Snail Mail,63
5h7aN3xfMdLwyuopfgvtST,Oscar Welsh,49
2EO56JK4txid1Pss9GVbOL,Stars,49
7uuvPwRD3I1UHDPNnbaY6C,Stimulator Jones,40
48uE72Pl7nSxQYBbstMv97,Delialah El-Atwi,38
4wvPcMJk7L9Rbw9Qh4kBeH,Hypnotic Brass Ensemble,47
5Hx084y0lkukp4MHLFmj3S,Monty Datta,64
0dTj3SqwE8kPnCzyzvYzhT,offonoff,55
2WjvvwAX0mdWwq3aFuUdtc,Rebelution,65
1NsF5ctdX25DWqDwA0evAy,Milkavelli,42
26VFTg2z8YR0cCuwLzESi2,Halsey,86
1N5ZTU16lJJL9hbPAMvGnk,Rejoicer,34
3lLHpTOJ11tWiUNGYN14gt,Rejjie Snow,64
0DoRa03IPuPzfAlD8aMgn9,Quiet Village,29
0NIoaQcBpp3jyF2fkkQtuw,Farid al-Atrash,34
4pJCawaKSZ40EnxN0YEYw3,Badfinger,59
5xQKoGD7Ql92fWd1uWwKkf,Steve Perry,56
3VEG6gxFIMfl4Cdog26avS,Bill Evans Trio,60
5mwzhbgxfcMKHr2ANPka7P,Ian Olney,15
294lNTPZfdqyzt8qnxmFiL,Mereba,61
6auWB5YAlcKaHyrbTH66nd,No Rome,57
27DCwiPx5ocQsf4K43SlIL,Colin Blunstone,36
3kzwYV3OCB010YfXMF0Avt,Alvvays,59
6po19E0R9xffrgzrg84TC9,Quentin Miller,48
0lawSNBxNgJFQYJnQzLH8c,khai dreams,68
1tWFagonca22YkSxnU1mNu,Sundive,8
4m9LpZ5l3CEdEhA8W9f29g,Gunter Kallmann Choir,37
59TV2OX3lSIlALY4zlFPh4,SoGone SoFlexy,38
5C0gCCG8N5Dh5dZytIgzLX,Os Mutantes,49
2orBKFyc84jo9AZH5jarhI,Sidney Gish,51
0KV9UzwJbLgC8QdOAxKlTU,Cristin Milioti,42
4vZBqD3QXrKiE3mZ6zHr22,duendita,42
3BG0nwVh3Gc7cuT4XdsLtt,Joe Henderson,47
4VQqGf7U3RUspgTsprypWE,Kowloon,46
75qsMURnQrM47mXoh83EqE,Daniel C,5
2Asr5Otk5aKK272pK4ocG2,Jeanette,60
1c7bxvBwJrMuZKwx4EDPHf,Galcher Lustwerk,40
0fykVRaVSsAkxDFfLoCd1J,Jon Waltz,37
4axhTQXDTfbRk7FZe2tsTF,Sebastian Roca,34
1AbJ2cmwK400LSvdvBL5Jc,Strawberry Guy,65
2CDQX14Dm9L7YAyJKfLOe5,Sofía Campos,40
7gW0r5CkdEUMm42w9XpyZO,Laufey,55
1aX2dmV8XoHYCOQRxjPESG,The Human League,63
4ogvuDRerGhZfSf7TtzHlr,Israel Kamakawiwo'ole,65
39AZSw4A8hCFWunEg2k89Z,Will Heard,59
15iVAtD3s3FsQR4w1v6M0P,Chief Keef,76
3tQx1LPXbsYjE9VwN1Peaa,Marc E. Bassy,70
2AR42Ur9PcchQDtEdwkv4L,Floating Points,54
6pJY5At9SiMpAOBrw9YosS,Folamour,57
26OB2jqYqL7pNslVtu4VGt,Anna Burch,29
1EotkJocwHvhFOAsoOj1jJ,bo en,55
5SVFuUaS3BKAdJs6I8rVa4,Tim Bernardes,50
1dWEYMPtNmvSVaDNLgB6NV,Saint Motel,66
0x4xCoWaOFd3WsKarzaxnW,Frankie Cosmos,60
26C2AjqgMr5aDzj6Yp2ORz,Brent Cobb,54
09kXLeOXRyfNQMXRaDO4qA,Nilüfer Yanya,51
2vnB6tuQMaQpORiRdvXF9H,Beach Bunny,73
4aEnNH9PuU1HF3TsZTru54,Caribou,61
2pTCZ9C1fXdaVlv6d5EIXM,Chrome Sparks,49
08na537t5Rk9KLtbKAGQEI,Reddish Blu,25
2hnEiOVSXzO81ruLVH0KUR,Marco McKinnis,47
2XhRydg6cYT62s25jgePlF,Jet Age of Tomorrow,32
3Xa0P90KKnDRIuoMmdSCGc,The Monzas,29
1AcZuMRjIAdmksbzApOXnw,Holy Hive,44
5jZwS1OxSxGZ3j3Y3chJzv,Hate Drugs,33
7E2ioKxoxI2J94tUkIx6As,Alex Isley,60
4ZSzroBNV7HzBDO9aohuF1,The Cowsills,41
4QGXlG9Gv7MiQlX6sq1dIw,ELK,19
77mJc3M7ZT5oOVM7gNdXim,Her's,65
0oZASNXz7lmZGoXFh8GnZM,Kemba,45
4kLvhMAuCloLxoP1aVM7Lr,Michael Giacchino,66
7B4mAVccsmBF5A4bHmQ1IT,Kenny Vance and the Planotones,30
4Ww5mwS7BWYjoZTUIrMHfC,Charlie Parker,55
3EWxytcxaM0tksU6v3je2Q,kiLL edward,48
5uNCGgWH5Id1cW8kh9Sc67,Fatima,36
03O78a3lgoVCdAvUhrZwTZ,Marcel Khalifa,35
0tMnuEXTeJeHbslcV8OybJ,Drugdealer,48
45OTuDcvTBxpqMEJZiK4FI,Charlie Megira,37
6P8DiegQ0Inxj1UF6a9lCb,boylife,48
33luNNaeHIJ5KfjW56aleZ,Flwr Chyld,39
0GyNf8GO6wlbCrReIREot3,Linda Diaz,35
3SCI7sXHUZIeDKMWC5NT9C,Armand Hammer,45
4G0XDEk7RbA4BBCTs917U9,Sun Kil Moon,48
2914JagOufmP5BY9qLDxtF,Arto Lindsay,35
20dRvQDfCTLJU0pgq13ZYp,Your Old Droog,49
6aZyMrc4doVtZyKNilOmwu,Colbie Caillat,72
16GcWuvvybAoaHr0NqT8Eh,Alabama Shakes,63
2FTAdT6BZIUQCRwIwdA9Dy,Scott James,42
00lNTiX9MT2BLf9emuW47P,The Blue Jean Committee,24
4t5XnkAKxcaYcDXI726A4Y,Duval Timothy,44
6fJ56C8CNwnMQs5z19XAJi,Sunday Service,18
4RZ2pQ8xYiXmL3qb4vefDx,Aalon,26
3M8UUCqb0mIEn5S2lO13yv,Forrest Nolan,51
0ZxZlO7oWCSYMXhehpyMvE,COIN,68
5lYcr7Yue9FUB7MJDBtTJx,Azymuth,48
4BtDAwCZhR6nPrJtbVgQNX,Fred Astaire,50
1VXEjgYHxCIHIJhf9GDdN4,Danny P,22
39i5B6umzWzkfMe12JrMwW,TiaCorine,45
0JM134st8VY7Ld9T2wQiH0,Coleman Hawkins,54
39vtb2iiz3079nqfL5nfFc,billy woods,45
3YR92OLKlvkK5oKNekSqXe,Al Jarreau,56
5H9fLAWx4MHfn3fHeczaAm,Jasper,33
6hG109GsU4wGZ8vYtYz7sh,Benny Yurco,12
3wbCeEPAW6po7J46netxMT,Up Dharma Down,56
1pBuKaLHJlIlqYxQQaflve,Benny Goodman,55
4hRBjeemQ2NVkMIcaN9n3g,Eau Claire Memorial Jazz I,31
0aKQcmUzcFk2SYoB45bSoQ,Lil Sko,35
7s21yzsQI5NDymc5KNHkXc,Kainalu,37
6WSLSylISv4fp4WUT74INF,Yasmina,22
46OZe7BgkZhisNbEMW4oqq,Enjoy,50
12Zk1DFhCbHY6v3xep2ZjI,070 Shake,66
4PTdN7iZceYLYGvOTxwAgl,Joe Corfield,41
6TLwD7HPWuiOzvXEa3oCNe,Oliver Tree,81
0hrb5WRiNlj8vh3WnCgXFq,Kikagaku Moyo,48
4JMbjuWmuKJQJdX4cF44aM,Palestine Dabke,16
4Rus30xX4FOv2cyeFI79Qh,Elijah Fox,46
7d64ZVOXg02y73HB5UMqkb,Okay Kaya,51
0KuF7reCTOZwV7YJnHQqgr,The Neptunes,69
1orbu8WOc4EtKxQsfNNEZK,Los Dandys,54
1zok0QXebHywV3KLl6DIFw,The Shivers,38
0enLzD49Y6cn0fZLz272O3,Marley Pitch,31
2uNiyJBSkCQIb4x6NWQelQ,Paul Mccall,31
69cjjIQEN8M6heOBT2SqZE,Wun Two,60
3IKV7o6WPphDB7cCWXaG3E,Isaac Hayes,56
2eoVP5QgTopsYgTS7H1CKs,Jamael Dean,33
4bODnAlydTbem2JAjDX52y,Evenings,34
0admxRsCaG8gv2uy4FCC8P,Youssef!,0
1xcMOgFUM1IYZE22YjCvsL,Tei Shi,54
1GmsPCcpKgF9OhlNXjOsbS,Lizzy McAlpine,65
05bnFEwruBiBgJH8uW4vo6,Austin Weber,46
4MOQavWtDqDCCL17X3lsRI,Slippery Salazar,36
3UHyuBA5qay3xcxFr3Z1Y9,Rachael & Vilray,39
1Oa0bMld0A3u5OTYfMzp5h,Nate Dogg,78
7JLHmeRyMPFuf0O6gqDKOM,Houdinne,25
24VF2kZrBFn1WvJ5oF1SRf,Chad Brock,34
4UAW69682T7N0wrABUhqx0,Ginger Root,54
31QM5dBtewZL65p9hCnXKK,Naji,43
4iRZAbYvBqnxrbs6K25aJ7,The Dave Brubeck Quartet,58
4NNslFqwFLMsVfeAWfGryM,austenyo,40
2PaZWGu5T5nHjY2xxAkFsT,THE SCOTTS,64
6wDDxmc6DCL53dpL6uMjqM,Wassup Rocker,55
3YndyZk8nVLJKspIBo0nLd,Melodiesinfonie,47
2qxJFvFYMEDqd7ui6kSAcq,Zedd,78
2H5elA2mJKrHmqkN9GSfkz,Gillian Welch,55
6TvjXbopXg71XRM9OZWqUc,Arin Ray,58
5PmZd7YOaUgQwhOja44fmZ,Barbara Mason,45
7BT9qietxZuylsjyWGYBUR,1 800 PAIN,46
4hGjngc0tPOBwTgTPci3IK,Santo & Johnny,56
2Cm6C9PNHioyjRKBfO7n9N,Dylan Brady,63
7nZ3e67Mo4DLU1RC81KX8H,La Lá,42
2E5E5eAP6yDhZ7EHc0Evr7,Jamie Grace,47
1cNDP5yjU5vjeR8qMf4grg,YNW Melly,79
5olDKSsFhhmwh8UCWwKtpq,Chick Corea,54
7x3f7c0fBanNlQwpx1255g,Françoise Hardy,61
6ltcwvni6HdZAJaWhmIvNR,Gino Vannelli,51
3q1NXsv9XypOUCJfEatXH9,Pescado Rabioso,54
2RhgnQNC74QoBlaUvT4MEe,The Growlers,63
3ZMur3elMyOs248ah86NRk,Mach-Hommy,56
2fJ2vi4PUSxyvYaeq0FTbE,Change,49
40c6EALi3nTmNeOAS3Eu5h,La Maquina De Hacer Pájaros,42
5rBFU1rhgs1nNghopuj9k8,((( O ))),62
69lxxQvsfAIoQbB20bEPFC,Philip Glass,65
29rc11AFLwFhbpgWAYxSuV,Andre Gibson,25
2hwy5DELim1AxB1sHPqn4y,Gotts Street Park,51
3wFUOz8IUuuXZz3ylasxlE,Ohkemo,4
6EZ1sLlOJzgFJzfWUnF0Py,G. Oka,29
0LyTHMstvqKiSoqdnnjqix,Mildred Bailey,41
0vrrLTXi09OTSNpJ82XjzH,Sheefy Mcfly,5
1zPQrFtF93xibAcM35FYvl,Bruno Nicolai,31
4N7IToHBlPXqlrXiv1Nij6,rei brown,56
2kAP2prnGAq7s3DwRT6s16,reggie,48
4KDUfOJRuihzpcwO7jx9DF,Dur-Dur Band,34
1R4RBcCMHyoORkrjlIqUbD,Shadow Community,31
5Rzqmz1zAszembFHGZQuAt,Souls Of Mischief,56
1iJdyDcY98X3GMnUesl7tf,Comethazine,71
11EZGTWr2pY0VZPlWokAbl,The Originals,40
2Yhge9MsE7qKcV0eWsuuHM,Healy,58
4pcfFC9isxezJyTwbV1nIp,Melanie Faye,53
6PDLwWvgYNMfBRLqC1h5cJ,Buddy,64
4Hy31yhFRij69QK5gWmRUB,"Cam, the Chef",7
5BlxewwiTN2WNpfRlhoAq7,Horacio Chivo Borraro,1
542BY6B2YGEdf2XWvBFUJV,keiyaA,35
05TvjXcgQveeF7wh2DBHvp,eli.,58
0e86yPdC41PGRkLp2Q1Bph,Mother Mother,76
0Ki8SY1We0BeN3tcV480sQ,Breno Mello,22
5pryfFgCrWJ41UHaENJPyi,Alton Ellis,50
0vW8z9pZMGCcRtGPGtyqiB,The Maccabees,54
6HIRyO3O2mbkdwih0Mi4vR,JUICEB☮X,42
52SuFZlQepo0BoCodpmntY,Young Hunting,29
2B2EixNjepQtd6N3mDcNnh,HOAX,38
67ei8ib6PLT1w3OkhIb4fB,Black Star,52
6Qx1uU4RPFG1H4pkbW2LpJ,American Pets,30
6Xgp2XMz1fhVYe7i6yNAax,Trippie Redd,87
7B4hKK0S9QYnaoqa9OuwgX,Eazy-E,65
6kBDZFXuLrZgHnvmPu9NsG,Aphex Twin,64
4UqLRnUdi1XnIP2vYpDLko,Afrobeta,13
25mrbNwFzoqPWyYXLhiDRw,Alexi Murdoch,55
0dD7RlTD55pBHj1mx7d8Jf,BL,29
4lPl9gqgox3JDiaJ1yklKh,Tierra Whack,63
0B6QEFtRnneEzb4iqjI0Nw,Arlo Guthrie,49
4bQCZKbtYa0W0hzA7JrpC4,tiffi,48
6cK3NBO6uP7hh0oyuVELFl,Saweetie,81
4QsNZ1JTLzhVSAzMxjLe7b,YTK,36
0d2BmAcZ7p8vrtBPY48WMW,Department Of Eagles,35
0b6qCdAWpAMUYdLQLbmOip,Pokelawls,29
5RarAe4eB92b2PabL2kIR4,Clever Austin,20
7wg1qvie3KqDNQbAkTdbX0,Louis The Child,69
3DtnSKmpjFGUzZcccWfG43,Monster Rally,46
2YOYua8FpudSEiB9s88IgQ,Yung Gravy,72
3P4vW5tzQvmuoNaFQqzy9q,chloe moriondo,66
5izy7ZlCAoOzxaKasR7CWq,Shirley Ann Lee,26
7I6tVCXE2CFHl3QwHLFCBH,Reverend Baron,35
0h9smro0z3HqUbD94jotU8,Smokey Robinson,59
7kzxEYz5S9uJrsluovBUM2,Boy,0
4m0HRALRlPxbZp5SwvktFX,Cities Aviv,41
1mNnxxnPfHQDOkFjnZmdkc,Patrice Rushen,58
3BYXi96LqI8TwNljFKE0DZ,Girlpool,46
6rJ1GwtHin2BJbKLuNn9pi,Jazzinuf,63
10AY17ALos2o3akPqrPydw,Father,49
3gBZUcNeVumkeeJ19CY2sX,Ken Car$on,59
5ALJQTH4K9eghzib4UhiqV,Hunnah,32
3Oim8XBPbznAa8Jj8QzNc8,Cults,73
2gaXk926O69Od01e5CSFdH,Jacqueline Taieb,40
2XzHxDFTNywDd5ReMhgxkg,The Whispers,56
1JirgevYz11yYs5kBxAUTQ,Shonen Ultra,7
5FmThJ74ycmeBdQnu4Cfcw,Substantial,48
7n2wHs1TKAczGzO7Dd2rGr,Shawn Mendes,87
2IRXlLBgHK3HSNJ7YlbyW4,Quarteto do Rio,34
3VwKSHAfgzV1DOHV0aANCI,TOKiMONSTA,58
2ZcDuHH6g8gHyTOkXMXxJc,Honeywater,39
67NN7SgdxKesGnxZOB8YeX,The System,43
6gc6oo3u2f7SqTd4mhe81O,Ahmad Jamal,49
3nuc29fYGlQbIrwh4yrNWd,Lake Street Dive,63
55Aa2cqylxrFIXC767Z865,Lil Wayne,89
58tmQD4LPJ8OeU4SaViTTk,Gabii,0
0tbeZu9lv8YEKSQ9tZSslu,Amber Mark,65
3pOnPfJ9MReuu20YnLFRej,J-E-T-S,32
0GM7qgcRCORpGnfcN2tCiB,Tainy,84
4DlMMgnldzX6OkCskmeGKz,Pat Martino,42
4WPY0N74T3KUja57xMQTZ3,The Replacements,54
1ZqVxe4j6KEwGA1WyJkw8t,Sweeps,44
1EiNEyiSrpB6BVxt58BnNN,Donny Benét,42
2Yp114orhinD5W0DioIKER,Tabby,36
320EPCSEezHt1rtbfwH6Ck,The Monkees,64
5nactm2CY1y393GPVUzKOY,STEPHAN,31
3Bnq7jiU506HcPjRgQ43TM,Milton Nascimento,61
6jlWj6y00bMQt8XoKuCjyZ,Emily King,54
6Eoz4NOGhL77IchLKwc0bH,NorfSide Shaé,0
1Ti6219gr6uBIBEj8JeBIP,swim league,2
7HGFXtBhRq3g1Ma3nH4Rgv,Mulatu Astatke,52
7ApzfFN0BmeeVJPsQBReRv,Elita,50
0QYN2PJUwq49cW3T75KXCG,Ted Taylor,25
5JYtpnUKxAzXfHEYpOeeit,Jorge Ben Jor,65
68DGxDpMWfSsPJEjT4wQnW,Nickelus F,38
7EgVKRTV4O1d8EKduQzq2Q,Holladay,15
04HcjHwTb3jdvC2g0W9wqs,Bernard Upshaw Singers,2
20JZFwl6HVl6yg8a4H3ZqK,Panic! At The Disco,81
4ZbFpxbORhzU78ve8e62Ej,Tasha,43
7vjRpVXoecwKTEsrb9iscj,Jadu Heart,58
6GMYJwaziB4ekv1Y6wCDWS,Soulja Boy,72
08F3Y3SctIlsOEmKd6dnH8,Yusuf / Cat Stevens,71
3ND5NWoKzlelYDDyWqSQpQ,Susumu Yokota,47
6GLYG6CiVx1P5D8Qa6Ulyo,Death,39
0EqBE2VOwsHgSOrjsQCs5j,Brainstory,40
5FlttM8NDJPAZENIDhbtAX,Pastor T.L. Barrett,1
4mkGZGaUTIpyG1LnZ6nNIi,Peter CottonTale,47
2MGT7CYlixSPxAnnkhLpaA,Next,57
4e2vkCt29CaALUaIvhQCql,Jordon Alexander,31
1t9KewtUvFMq6q7FRX1nHC,Kill Bill: The Rapper,57
0uo6UbyUYXbG4xBT7vBGSx,Wilma Archer,39
5QiwDtqVaF5rn9Hu6k8sLs,dvr,0
5s8mrbpjYHWIuGYUzNTpEb,Laetitia Sadier,47
00FQb4jTyendYWaN8pK0wa,Lana Del Rey,86
0JvUFDnuWPbuyRa6ptVkLk,Marcell,54
5jevkWdPouBhKNpJu1DOyO,Lizzy Mercier Descloux,39
1HxXNvsraqrsgfmju1yKk8,Modern Baseball,59
6Q9ErFPYnMBBjqrtxp55Gv,Papa Bear & His Cubs,43
3nSGNoU5RLIPMNye2QqmZz,Eileen Sho Ji,19
6TTVdg5UOUHsyiYPHgxLaq,The WRLDFMS Tony Williams,41
24II60UJj3zxZEY587JvjB,Marcia Aitken,31
5JLqvjW3Nyom2OsRUyFsS9,Xiu Xiu,46
08mop26qmzt1pWExjzZ7pm,Noah Salem,28
7fSjnDr8tBO37Xbb2UXuYr,Richard Swift,47
7GaxyUddsPok8BuhxN6OUW,James Brown,66
151BUVKmiB9rHDjIkgbeVE,Apollo Brown,54
70gP6Ry4Uo0Yx6uzPIdaiJ,Bas,72
4QFHHdZkeqmneDQqKIjAN8,Donna Missal,49
1Q2mS59tFYLm2KGFoCgWN4,Samm Henshaw,58
4kqFrZkeqDfOIEqTWqbOOV,brakence,61
2j7yGPnVrdIHjHwtyLPJ2z,William Byrd,42
4rAgFKtlTr66ic18YZZyF1,Woody Guthrie,46
7JD72qpbmGSp9M0uCLOa3D,Lunchmoney,40
3qM2kgxt87sXgP2ytxZZv2,Flo Morrissey,43
49O0SPoCoTiK2Nn2tOaHyU,Knox Fortune,52
1Xfmvd48oOhEWkscWyEbh9,Lloyd,70
5BqS3Mo4CEcpM6Yp0x9ogT,Jonti,35
7eQZTqEMozBcuSubfu52i4,The Knife,53
5kuJibJcwOC53s3OkoGMRA,The Revivalists,61
3kVUvbeRdcrqQ3oHk5hPdx,Grouplove,69
4iXaGootDLE50qY42LCdnK,Deem Spencer,43
7gAYvcQFmAruyvwGjxrSUr,Absofacto,61
39aYm70XPfUpkMIKSfeeig,The Wake,30
7b79bQFziJFedJb75k6hFt,Tion Wayne,75
2N72bJ8IYB4KZmKmxz5Xkk,Hamza Namira,49
0efkWb9xKhT6H0E7kgSjFK,The Sylvers,40
0ngUeF0DGpYmPec80MqSi1,Against All Logic,48
5G4Nw3oz2lzx4gneIDs3YX,Pinc Louds,39
7sU5H7XSVz0GC1RyM7jY2W,Shizuka Kudo,46
7CFCc9MBYLKx0NfLeHnsQj,Blake Saint David,37
6xyaria4AcxjRuJZLkWvMW,Guru,54
4vGS9mc7YHh5Mpfd51X8MF,Sy Smith,35
1y71H4hNtnHG7LeU1Y47FO,Mr Jukes,47
3HitWnKrqivUZgOBLj4SJ6,LO-FI LE-VI,30
3b6IYA5Lih1o84q7gt6KR3,Luca Yupanqui,13
4dWtsQvuME6tCWFycaTvO7,The Brook & The Bluff,58
7bI1v9NGBBhq8iGfytctni,Squirrel Flower,49
7GuUYiGZOzQwq4L6gAfy1T,SahBabii,63
7jdFEYD2LTYjfwxOdlVjmc,KALEO,71
30DhU7BDmF4PH0JVhu8ZRg,Sabrina Claudio,67
4uY17u6sR13GQqRtYnilHn,I.Am.Tru.Starr,27
12Ip37wPd8ddVsBrrbcFZH,Chaxti,33
6VBgMdUuX6QKDkK7pRLJx0,Braison Cyrus,29
1xFMeZFEf4ZUfuKwrfs5lB,Bickle,46
2tMcnRGaCtfz1ZyTBgHjmW,Twain,40
2cpbwPiqgvzIDDrxVkjQsq,Rozwell,43
3pc0bOVB5whxmD50W79wwO,keshi,76
5dYGaoCO0iaUZKfl9K8Gtd,Harmless,64
2tAqnHDAgnGtjnlzyoa38L,Ama Lou,53
4UodukR17NIQfNu5uaqm9B,Jamila Woods,57
3Op7D6tFVJCOHW6EAV0ck1,Adventure Time,63
3m1IaEwT7D9hFKOfpz5VHk,[bsd.u],54
6TVVIyd0fsRDGg6WzHKyTP,Durand Jones & The Indications,61
6G7OerKc3eBO9sVkRNopFC,Cat Power,62
43SXnO2N4X024u3l9MfvXD,BUSDRIVER,44
75cW8FFekyCjj0mfZM1Gfb,Flamingosis,53
6kncomCdQQz8jvnf7djNZI,Lakim,48
4C50EbCS11M0VbGyH3OfLt,Bahamas,65
30FDJPN3RtwJZ20g5YGCRX,Yung Bae,61
5KbEFz293OMDqqk9ajZKZV,vbnd,45
1DOptLNwDd7yKYCUlnS1tJ,Wilfred Luckie,26
2bToe6WyGvADJftreuXh2K,Lee Fields & The Expressions,54
6MUv39LOn5bz2QW4SBKE85,Luke Temple,33
1f1CocvNRSmgLgtqMsA0AR,Armando Young,36
21gGD9dUby5ls0belA1wqZ,H-Town,49
2gBjLmx6zQnFGQJCAQpRgw,Nelly,77
6e7BQ0gM6o8ecMXRZkXxlZ,Karriem Riggins,48
0bnSXLp5VJS5wS40ilaBGK,Sissy Nobby,26
1xxan2om8RkLoKc9R2hzNF,Yungster Jack,23
31RaitnNW0bVhYgLl01rRw,Tay Walker,33
5MXsi1oKkm8LuStuKkMdzu,Sam Evian,49
2joIhhX3Feq47H4QXVDOr3,RINI,65
1dfeR4HaWDbWqFHLkxsg1d,Queen,87
6g8AmloI8egfrr3dm3SnUL,TWENTY88,49
0yLmsf6RBPYqm6hvFJCPg6,Taylor McFerrin,44
2kRAvabCuU4rJiV6Lw5SFT,Yoza,42
59LZN7E0jyyhM1clqgrhLw,Jakobee,11
2jIhiAEbmLrPj69WLM2R3V,The Magic Lantern,40
0Mz5XE0kb1GBnbLQm2VbcO,Mos Def,67
6LyCVkX66F8DdgZBkwxYEl,Saffron,16
6jrVq7qYCGFGirqPS31MQ3,Swoosh God,43
3wyVrVrFCkukjdVIdirGVY,Lil Pump,71
5RC5jsZCSBUIdjT6mJlZU4,Bayete,27
26bcq2nyj5GB7uRr558iQg,Survivor,69
5O5V29YvM6AzAQ0rNt59fy,Karen Dalton,50
2wdsck730u8ZhDA7eVHw7m,Barselona,43
2V9zpugQCHRiu2lPjsUM6d,mt. fujitive,51
7sGhjDpOtxrMLip4lGFU7P,R. Stevie Moore,36
5XDSGEZV9xG35PRLJ0O3hx,The First Edition,43
3eq4aoqe8bqmwPYFXYg1aU,Manduka,24
5zxtORdb7CBL9SzEGPqyn3,Conor,13
02fo9VYWbuaOVly5sEjd5V,Boy Scouts,35
1qlafOeHOtRUZR4AOxlOkF,JORDANN,39
4P70aqttdpJ9vuYFDmf7f6,Vangelis,62
3VNITwohbvU5Wuy5PC6dsI,Kool & The Gang,69
3FX6ZjUpCoJOwsxleWx2ci,Kat Wright,31
2Xu7q46Hf02xOoEIm4E1Qs,Big Pun,63
6CADfReW3qshQNGQ4yPf6c,Patti Drew,37
7z5WFjZAIYejWy0NI5lv4T,Dan + Shay,77
1CNvl01l6yyZIkfaTs7HIN,Austin Colors,9
2tvK2nmvNiOVxizxg7u7yT,Pure Hell,20
2d2ElnqC2cMPp7zcSyv3yG,PVA,33
0eiknhsVyidCOy95ZaGwBG,PullOverSir,33
25dl7AnPGblWzL4vmQ0qCt,Farhot,41
0VvTc0cpuq38K7Gqdg7hjm,Goldspot,35
0H39MdGGX6dbnnQPt6NQkZ,SAINt JHN,75
5JO05d5V4vSBMq5JAzmEoF,Guantanamo Bay Surf Club,39
3DxAikzv8719U68yCVRELD,Acid Ghost,52
0kXDB5aeESWj5BD9TCLkMu,Alextbh,46
0Lpr5wXzWLtDWm1SjNbpPb,Todd Rundgren,57
3AQRLZ9PuTAozP28Skbq8V,The Script,76
5rSXSAkZ67PYJSvpUpkOr7,Backstreet Boys,77
5rNrRYsRVaRJDQhA1PEC6t,El Sawareekh,46
5UqTO8smerMvxHYA5xsXb6,Sonic Youth,62
7oEkUINVIj1Nr3Wnj8tzqr,Gilberto Gil,65
7tr837m0bWZnXajwk9XqJI,Volta Jazz,30
15FPSd4ron3lLiv8A4V97y,Don Julian & The Larks,32
5EpRGVPs8i7MKQSCxLLauh,Kadeem Tyrell,36
55LHFEtIplWhsfyWZUwkf4,Foxygen,51
6bOYtKnpLPQSfMpS2ilotK,Bobby Vinton,56
687cZJR45JO7jhk1LHIbgq,Tems,74
3OUN7gnsDijEfvaHpXAAzI,Gayngs,36
6uVeWolwyRDrT84lLsaZyW,Suicide,46
2KAcGNHkwCFJb7w19oaqmU,MXXWLL,41
4GvEc3ANtPPjt1ZJllr5Zl,Bazzi,77
5DZqDIAqRSN8mBM0DoQwoi,Hakushi Hasegawa,41
2GAuYKmCqyuXZ7jcNc686N,Greenflow,30
6fqjJNsLs7g6F3PXy01Xnw,AzChike,55
1xOgtDBKnZvSLAgCVSOmNH,Jaeden Camstra,45
6v8FB84lnmJs434UJf2Mrm,Neil Young,71
3zlWvRPwLwGSi2v6ltrhOl,Sen Morimoto,38
0diyNvnhXZMJZiLaV25Lc4,enjo,30
1vkWdqcabQ1swciXipkLBj,awfultune,70
7w29UYBi0qsHi5RTcv3lmA,Björk,64
06yvjjrPokJGC66DzFfCkF,Lovesliescrushing,36
0701Axu6yvUIoctaKMbDIZ,Freda Payne,42
6niTO70iITOLZSrBscslVN,Bandolero,28
4yJHrytMK7mqtKsXVGaBNg,Fana Hues,61
4tZlCHc4owFemGtsJt4uyT,Pen Pals,28
5l8VQNuIg0turYE1VtM9zV,Leonard Cohen,68
3OykSjAE6F2Mb51WplFoRk,WILLIS,53
61UT1Zj9dFgPAjZfwnsqsb,Teena Marie,52
3Nb8N20WChM0swo5qWTvm8,Tennyson,51
77g4HXj3U279MaBzDn9eP0,lavi kou,46
7GGv4mV9JTJK9e7nIzUliU,The Moldy Peaches,48
79idWEjZLtkCkJ37uHo7Av,shamana,43
61GTvvC3CKp9afOf9WUTXa,Matty Wood$,47
32hqJxuSnHgNqJnbW7itGU,Chez Ali,16
2qqZbV6smvvtohQOUgZqKa,Alexandra Savior,53
23E2hrdvZnKUYpNZRIxhjx,Cassiano,42
68kACMx6A3D2BYiO056MeQ,Teddy Pendergrass,61
3VQDqjQ4wJyw8PzpGdlZpB,Colde,61
7uUBTiZ2u5b40vymlFmXrn,George Shearing,48
4BIt12Sb6cfNxalNdEtbR5,SLik d,31
5VylmyXlKSkixZchRWjx7j,Jerome Jennings,6
2bWTIIQP9zaVc55RaMGu7e,Seori,60
3M3dqhDqNK2DsZPIbopgUA,Maryam Saleh,31
5fMUXHkw8R8eOP2RNVYEZX,Diplo,82
5HlnN6xF2MD87KhGRmCRTd,Vinícius de Moraes,59
0C0XlULifJtAgn6ZNCW2eu,The Killers,79
5V1vRp27m0PLepQehI2tnf,Ugly (UK),17
4iylWAhvTVtSVhIeAoM7Bl,weird inside,48
2LIk90788K0zvyj2JJVwkJ,Jack Harlow,88
5GNLaaEOwaEaXJfK7XnD8j,Fabiano Do Nascimento,39
2jwC7uml6QVgLBfx1Hbtek,Memo Boy,58
2265ni2XmcHMCgB1R37Dq1,The Lost Brothers,27
1lmU3giNF3CSbkVSQmLpHQ,Surf Mesa,68
3RcaUsjj5gt1x2QK3TSNS2,Atta Boy,44
7wPvbZRRBwR2rzVrxz6ixE,Bermuda Triangle,35
3GAycRSOI4PRxEe6e1Ci8j,Whose Rules,39
594LqcHtMvKoR0URmSiYJB,Syreeta,40
26qmuJTgE3g67pPClBQ3Iu,Cash Kidd,52
7wFDo161xYdeaiLz3KIHoM,Gallant,58
0SLHeCwwiwjCElg072D2g7,Gypsy Jazz Caravan,47
4cP0bprQSFtZdI9QEKKZA3,Mal Waldron,39
3DQd0TSC3qhevX7nb00xCV,The Colours That Rise,30
3DGlTwdM5Dim9XQipb3jMf,Jordan Ward,50
5m8H6zSadhu1j9Yi04VLqD,Sly & The Family Stone,62
7opRqRgF9lvnVraBFCMvIj,Groove Theory,50
1vj4r2a8STRlJfZpD4Mkd0,Kid $Ixty,39
1dy5WNgIKQU6ezkpZs4y8z,ROLE MODEL,66
4ShgdWtm52xvEr8uYmT0V6,SEGA SOUND TEAM,62
20YT1aOty5tsMebdFO9OM1,Sisyfuss,47
18ca9d5EU5R1AhVKPR1cm0,Eartheater,50
5Q7Fmn2aPAdijQIUzobRdZ,Ricky Reed,42
1VfgWum48nwYJcCfdPwWgs,Michael Nau,47
2Wpsydr0xZekaBFNQ0OSKd,Yunggoth✰,59
32GAlFg8ZU34WZLFjAUAGQ,Stelvio Cipriani,40
0tIODqvzGUoEaK26rK4pvX,Sun Ra,46
2ygluM9w0lmulZrMJ1pI0i,strongboi,38
2FatNL7pp4gwt10zTQHzbA,鈴木 弘,36
6ELJAnqSSicrMq7YXWSV7c,froyo ma,16
5ODkAnaGDLZYWmnzde7hww,Vero,18
1XkoF8ryArs86LZvFOkbyr,Mary J. Blige,73
4pVTHC0fGP57HJ7Wy6cbtt,phritz,35
552SWmdxvYk7tpaizbQlhO,WDNG Crshrs,39
0O0lrN34wrcuBenkqlEDZe,The Psychedelic Furs,57
047D9GgqEzyMoULd2oKr7G,Alexander O'Neal,51
5uRUbTUQysRUR7PUy7pimM,Ric Segreto,49
5zctI4wO9XSKS8XwcnqEHk,Lil Mosey,76
1AdQnmF6taa106PwtUBK6O,Club Kuru,39
3rWZHrfrsPBxVy692yAIxF,WILLOW,82
75WcpJKWXBV3o3cfluWapK,Lute,62
2VXm4JOiSfNQJmo4IXjWOH,Jye,37
0oj4QK4zH3lghS2Oa418zZ,Loure,40
5AgZ9r9ZdWm7mD9t03KZZu,The Altons,36
2MPHBxznH1fj59jbOWY38u,Sudan Archives,48
71Ur25Abq58vksqJINpGdx,Miles Davis Quintet,53
3pvRbmrqOyFxB2Eext4Dki,Sons Of Kemet,44
6pohviZSNRueSX7uNu63ZX,Moodymann,49
6oalE1Ov29U9WBDn63puSu,Jack Wilkins,38
6nX6QalHWzPMf7sBnaWNNU,Admas,30
3U3C9o6UTYNdEsDckpRyvX,Jaco Pastorius,46
0axQ0JWN8kTrnfIPpphHBG,Akofa Akoussah,26
2ZvrvbQNrHKwjT7qfGFFUW,Herbie Hancock,59
1nw8iwDkSSHqn8S343ODcp,Chassol,41
2hdpXvaQJHBCZIVUd6cLvK,Lonnie Liston Smith,43
5YJjMGHVQj1IHBabXX8lH6,Leroy Hutson,38
3DwcX6M6GF3KGWbVmfNp8G,Leon Ware,45
710FHFQeXKC6dZGCxt7kQh,Yussef Kamaal,39
2ZM47IuC500uguN3EKyRY4,Chaz Bundick Meets The Mattson 2,35
0oKYiTD5CdNbrofRvM1dIr,Alice Coltrane,50
1ZpPJRe9erwiWi548SKVyn,Dr. Lonnie Smith,43
6Gujb3D3UJuIBtTCCK2Hnv,The Heliocentrics,41
1wMNhhG8VUhDGZ249MZBtn,"Whatever, Dad",53
0VIiIxTNLeJOPoMLabwNtr,Florist,47
0HMLp79IAd9Z8zMgxqpyxn,Radiator Hospital,46
7tuwjSE2q4zeBdNObeO7LB,Adult Mom,41
1imEozQrzLhh9b8LOZESx5,Dear Nora,34
3Q9WLyqkHw04V6DDtvPWwH,The Wild Reeds,45
4ze7HHThfzYo15SuunBKhd,aspidistrafly,39
6jFDWzq3HKx6NIiHugeKE5,genevoise,23
13j0RbLFIc6k3oCSDKQYUQ,The Music Tapes Present: Songs of the Orbiting Human Circus,28
64F1YbwHs9wo4h2zGvkwh3,Dream Wave,29
7lKlhPmLxToffa6icA7vk3,Starry Cat,45
4Zjxd2hv7Hb8zJMIy8A1TM,German Error Message,37
4PpncOYFkaKQZc82ONdm9c,wished bone,25
5IZVaIBkyx1ivCXLfpeJXT,Cyberbully Mom Club,41
4f41wKRJwzp6TA3Hr9eMyx,100%,26
3nf2EaHj8HikLNdaiW3v73,Injury Reserve,56
5Rq8Om6Tg1csAbXEduhVXB,egoseed,1
5P43pTMUrFraN88EDGi6WA,Bilo 503,38
0YD3cNWFkdJUpfLwCjn9Ke,Jax,9
4BzY7yI5iqNP7OmEtO0a34,Teenage Priest,43
3pIwImfumJioKb0zHHP61x,joe p,52
5fIZHCg2de8322HZodBDWL,The Secret Sisters,58
3LVPGE5jPPwtbGslx07YR0,Kishi Bashi,56
3CiuXDKttPUT0tWGHicFUH,Tim Atlas,53
48vDIufGC8ujPuBiTxY8dm,Palace,62
2dPIBvg7mU59dCTGjhPylV,Foxwarren,44
0wyMPXGfOuQzNR54ujR9Ix,Caamp,68
06HL4z0CvFAxyc27GXpf02,Taylor Swift,100
69tiO1fG8VWduDl3ji2qhI,Mt. Joy,66
4tuJ0bMpJh08umKkEXKUI5,Gracie Abrams,71
7gXy60xRcwYujBFoYHnR2O,Big Red Machine,61
5GGJosGMs08YEmKTZJe1fL,Suki Waterhouse,49
3ir2pF2mkiEWqyPenKTh5e,Indigo De Souza,54
7bsyET4aRFBJ9dOtGeHCX5,The Brother Brothers,50
5Pb27ujIyYb33zBqVysBkj,RÜFÜS DU SOL,75
58irgKwXTjCCuYQB58aXeH,Liz Cooper,46
5KqOWuKJPySBjp3mGVBWFR,Woo,33
4jR4yABF1QXCxXDXYNKcVQ,Will Hearn,23
7vtSUU3zpHeYJfX6BPNrJd,Briston Maroney,64
0p4HbDx1JTF3QLaBznAOrU,Colouring,46
1XyjnnaEzBNvJr1ujxFjCd,Sea Of Bees,24
4yql3diaCYkv88Xrh7rwVl,Lav,48
1MIe1z4RdqLqHSJsb7EBMm,The Greeting Committee,55
5sH4dr4r46Vm0Qu84PAYvk,Ollie MN,55
7H0Xu8hdP0tjpZ6z4dHquW,Sofia Mills,58
1ifC4znYCvmMSJ0rght5JS,Haux,60
5schNIzWdI9gJ1QRK8SBnc,Ben Howard,69
74gcBzlQza1bSfob90yRhR,City and Colour,62
5cIc3SBFuBLVxJz58W2tU9,Oh Wonder,72
6f6oMcKG2GzGjfejpsD7e7,Alexander Wren,29
3gIRvgZssIb9aiirIg0nI3,Jeremy Zucker,79
4tvKz56Tr39bkhcQUTO0Xr,Angus & Julia Stone,68
02YLJJnWC7YQVixkjEBRn7,Billie Marten,62
4k5j2KkfsE7yGO46C0Hm1G,Emilia Ali,45
5loj0V0vTkcDXF2qHBTnyx,Joolie,22
6U53xCCVXmyimAgsBjCS8P,Jess Benko,58
3aO4DL5c2uBGD8EUuP7sxi,Gloria Laing,42
27sdgIaFiz55vkR68fBiy8,Alek Olsen,39
04GCjO1r1hPelibCUq9S8H,Fog Lake,49
1sgVcCMCarG7yWGmkP9wMb,John Vincent III,61
2KjAo6wVc9d2WcxdxSArpV,RY X,65
0oNT7doR0CV9mAXYDSk8Tx,FLOOR CRY,48
6qZ3QAYU67N9H7IJc6rBvz,Mia Smith,44
6hNArc2Vya9KBBDhvIj1BM,Tyler Burkhart,33
7Ju0duhPEKkXI55DuecLhI,Cardnl,19
07UBDjk71UgPjtoGWK6EPX,Morgan Powers,25
6bEYoIUTLdcs4lZBNVw5L5,Molly Burch,48
61xnuAaa5DPqX5o3Uo5lbQ,space cadet,12
3dt9qWSOVevI9UIM5bODu2,Millie,1
0sYlth2PW1zWJMEU2vCukz,Flower Face,48
41KJC6FjOhZR0wut8TO1Nl,skirts,24
2DzfwBlRGSLXCXgAKN6EFv,Tiny Little Houses,47
31eyFwMQgaQ1ryWPeM7hbQ,Astronaut Husband,27
4NgNsOXSwIzXlUIJcpnNUp,Sarah McLachlan,65
4nKyYt2axGG3xfOInnxmFe,Lucia Zambetti,33
09Z3wZ88af1pfyJxziESQF,Nick Wilson,52
4LoM3lMauQ540MW9QiyIcR,Anna Nalick,51
0MeLMJJcouYXCymQSHPn8g,Sleeping At Last,74
5VBfQRRaCLaB3MEg1bHiNt,Silicon Estate,38
196lKsA13K3keVXMDFK66q,The Avett Brothers,63
2KAaJOwfu8n93byx6YPRPa,Scarlett Johansson,52
4Q3f2YYH4gQxWFS3WY5G3j,Soko,53
0rZp7G3gIH6WkyeXbrZnGi,Novo Amor,73
1AgxgADPuRIW1wyaA4OKcB,Tom Rosenthal,71
1WPcVNert9hn7mHsPKDn7j,Édith Piaf,63
3EA9hVIzKfFiQI0Kikz2wo,Andrea Bocelli,71
2hgP9Ap2tc10R5jrQaEpMT,Charles Aznavour,64
0YhUSm86okLWldQVwJkLlP,Bad Suns,62
7fzBDF6M4EqXFTkeAe6dre,Cody Ash,27
5YNnmXnEEEJM0ArqHDSyET,Lonely Benson,30
6b5YOgXIliAozdo49vUCJQ,Izzy Bizu,56
6ltzsmQQbmdoHHbLZ4ZN25,Lord Huron,75
2kTZfKGZEj8R76z3ooKOF1,Your Smith,55
2OCklJbxEeL54I1EQOlbxW,May Erlewine,38
3MKLoCXEXufW2ldiQtUokO,Julianna Zachariou,33
2x5vl3urcjjRGTagZlNh61,Sonntag,26
7ifrN0oUJbWF1EhktyTKte,jeremy messersmith,39
7FKTg75ADVMZgY3P9ZMRtH,Flipturn,53
2VSRhqonKsL7KRAIk8SMmt,Daniela Spalla,58
163tK9Wjr9P9DmM0AVK7lm,Lorde,80
1anAI9P9iSzc9qzLv6AtHZ,Sure Sure,56
1ZajCRAa7VEcTytwxzr20a,Dan & Drum,40
3hSFS64223jyO9Ck66rLOf,Okey Dokey,43
2a4lU7F8toqKpb5v6Ftqya,Theo Katzman,50
1zKp43H1kLHOTkJAeyTIkf,Delegation,51
1xU878Z1QtBldR7ru9owdU,Phoenix,65
2AcUPzkVWo81vumdzeLLRN,Rhye,65
5RTLRtXjbXI2lSXc6jxlAz,Ravyn Lenae,55
12trz2INGglrKMzLmg0y2C,Emotional Oranges,61
7DqK9cAp2ssKgCsqvXuiZN,Karma Knows,25
4O24XfCPqIJQUMXOJ2F0ni,Elton Aura,34
6hyHkgqHkUlJU6QMmzCNMK,FRANK LEONE,28
5oSCIcpPdrO3UhTMATxkYL,Ciscero,49
4OBJLual30L7gRl5UkeRcT,T.I.,77
3s8alQfNnY0roAHaJh7Xxt,Dom Kennedy,64
75WMfaHMMwtiMW8tfR92Pn,Rae & Christian,46
5XDJlfdfbGNJrOJJNxTcdq,Phora,65
4IVAbR2w4JJNJDDRFP3E83,6LACK,80
5usbqiU7sjvszjWecANDL6,WESTSIDE BOOGIE,59
7C3agcqFXnteDagiWhaZdU,Terrell Morris,45
2QFne35yv8Kjaey8tbYiT1,seeyousoon,38
4udfTw7V8jI4AHi7PEfJfj,Melii,53
6trIghKwHRUyxwvm66HLHH,Fousheé,67
5YHM0i7v5TqqibZhS0YiuX,Ryan Trey,57
3fHKTSYnOydB7JFalMZ26X,FRITOGANG,34
4JqpJeNOhP6bAkolNMLwFg,Jean Deaux,61
4qIVPF0s71ZYW3qzhu5GkF,Kina,73
2jhjHaG1p2SMn6cDyhwhjQ,Terrell Hines,41
6mkvJ6XHWVtPer8k0B0nTn,Wiley from Atlanta,48
6kmDosYCYjFQtywDq0DLPZ,Khamari,39
5FN9kuAUamAd4IadVnH4jH,Samsa,52
0SrIPejckovMwhrN3MZFPB,Daisy the Great,57
4bMNzAopkqYTwkBLwMKsF1,Childish Major,53
22KyrgRdE2K6aB5wtZls3c,AG Club,55
0de6Qb2zkptulmWKNMlaSl,Caetano Veloso e Gilberto Gil,25
0aLsJXIaJ6MMCZIzaGpMaX,Little Joy,44
2Dbnk0YRTPpKu46XzMf9nu,Joe Fox,57
1PY1TW5Ezubck89sCgRQmC,Voldy Moyo,27
7v4FV3DzSUOvaZyMwTxKIG,Alicia Myers,39
53WWphw1pE9SBpsjRgU9tC,Shrimp,54
1ZlNyL0lpTRXyotxiHvgCl,Jank,44
2CnhqfjUG0qzsru0SMuhrk,Title Fight,54
7e3FtKBIPLrIVm8g1FJMVg,Sango,53
4E7AV8mtElSjHZP3xA9kyU,Luke James,46
3CEdEF8RsuL3hAFJaujvr0,Etta Jones,50
6tWUe3GF0fM5TOtprALeCm,Ghen,35
27WVFBOddxovimxMmBN4fb,Naomi Sharon,38
1FiNaCwPk9tRjTH4gCqsWh,SOPHIETHEHOMIE,32
1HkWfjmOohAg7lS9bv1QcL,Demae,35
2clS9uX2uOrHHqkyDMkzA1,Amaria,44
0LYpHdjPJEKhjh3euGHngh,Angela Muñoz,33
4qwGe91Bz9K2T8jXTZ815W,Janet Jackson,69
6cN9XwPMj9bWzJ32GC6V7v,Mila J,55
4jwROPSUkTkohLCRiyjiZZ,DESTIN CONRAD,47
3fcW2V4zOfFm0IsWCJUuzz,Zilo,41
6u3PN3PCsWLGsw1OffKQ2F,Lou Val,43
5N2lZ3f6pIpMTnpfVV4Adg,Symphani Soto,30
51KbY36mrjHRQwvSbel74l,Jesse Barrera,55
7zkwepHPyac6tCYl0fL0co,ASTN,66
4uaGojdWj4H6cTJydZUPWG,Christian Kuria,61
1BWebeIsqWN4j0ipHoqxgv,MARG,33
5PRqaEB5d1aoPXZzCHNmoZ,Tamaraebi,35
0YSI1Vwzd1u7wO7p3md4qD,p-rallel,48
63XBtGSEZINSyXylZxEUbv,Victoria Monét,65
1QAJqy2dA3ihHBFIHRphZj,Cigarettes After Sex,77
0ZUvK7zGdXLd78mQr3t1Tw,Ricky Montgomery,73
4ze1UwMqtSlhTgnyk8LrW3,Flatsound,56
7dIpKWlEeAljA20vFJ82RD,Roar,68
0qZyvjwZauLmrobrpJmvib,"Dream, Ivory",58
4b1cEwAKl1Wdg6x8kkraJa,jagger finn,63
5F462TaDD6zu9c21NYVtl9,The Neighbourhood Watch,39
11uVEq37dsx0ZCbwxpu9S3,Rigby,34
0znuUIjvP0LXEslfaq0Nor,Citizen,55
4sfEJm0Dv8H6RFfeenNJEd,Scruffpuppie,50
5NXboduTf3EoklYxxsKx5V,broox,35
46OMcdfGCQJUOaA7o15lJG,Faye,42
0KLpybWCAuNNaahi7E8pYB,MymsoCore,22
6PsktPFR0UZptKdSqmlS5h,Mom Jeans.,57
7jXQfCP0xRnnind08ie0zT,Sorority Noise,52
5ictveRyhWRs8Gt8Dvt1hS,The Front Bottoms,66
7qbvNcfTfckhCNM8NiR8nN,Joyce Manor,53
5LMPXUMhWXshBPjrqvZOfv,Remo Drive,51
7s3OoIocX1gTOnEvCg2VV8,McCafferty,62
1Tc8PRl4NCsI7z3kvYlxbQ,Subpar,31
4DJxOnO0aWZgdDYFVDyoKs,She's Only Sixteen,36
75CziSb5bEWIj1m8TdMwYy,Frank Iero,48
6zvul52xwTWzilBZl6BUbT,Pixies,71
4DUQBYAyOTZotSEdKhaf6c,Basement,52
2p4FqHnazRucYQHyDCdBrJ,Simple Plan,71
6XyY86QOPPrYVGvF9ch6wz,Linkin Park,85
72X6FHxaShda0XeQw3vbeF,Slowdive,61
4Ebry32YXxGXbI8FqhhSFu,Coma Cinema,44
3inCNiUr4R6XQ3W43s9Aqi,Pavement,61
1W4itxt3vwhmrgLEBuVHJ6,Vundabar,63
339XMxg3AyRbEfeIAlxB2c,Varsity,40
3v5CNACj3uGhVGG4zWxh5r,Ollie Byrd,26
0HrOhPmbqaxsuRlfJ5SExg,American Pleasure Club,42
6GDYGPbleLhFKnmK4TYhQ7,Negative XP,49
6Ghvu1VvMGScGpOUJBAHNH,Deftones,74
4mYFgEjpQT4IKOrjOUKyXu,Wheatus,61
6FBDaR13swtiWwGhX1WQsP,blink-182,78
22WZ7M8sxp5THdruNY3gXt,The Doors,75
1ZOITEwKW2JCm6HDS96hwF,The Crystal Casino Band,39
6p2HnfM955TI1bX34dkLnI,The Backseat Lovers,67
03hlOXqRyyXO3ectp3eEbU,Iceage,42
6eeRViJuG16J02b4McqJFZ,Cigarette Buds,7
0z2w2g48teQXR561xEi3zT,The Sukis,44
4ANMwDtqwfkzPgFoUoLZ3Y,Sun Room,46
6NrkINd80slV25wkBu9mEB,Wild Nothing,53
74b7Xs9OtoSeWOp0sOKuwH,The 1-800,34
6IFXsrXBpwbIqtOUOiAa3p,Rick Springfield,62
1gRNBaI4yn6wCCTvRhGWh8,Don McLean,66
2jAzx88tHo3KNYauXANisl,Yellow House,48
1bs7HoMkSyQwcobCpE9KpN,The Mamas & The Papas,67
74oJ4qxwOZvX6oSsu1DGnw,Cream,65
3sFhA6G1N0gG1pszb6kk1m,Wings,66
2eg89iLHG4JMEUZQmFaxou,Trudy and the Romance,42
4HcCn0kCOvr5D6BItsWVFh,dacelynn,45
4sGXRKVt3jXcqjUCRuK67C,The Memories,46
6hOxW1tuM0aJHaI3FEXWeA,Nico Yaryan,34
6wnSPJpmVKFcn1TpRl5Uli,Vista Kicks,51
3w93exjCQ2TMvLqGPPgf30,Chestnut Bakery,14
314EDjJCQdcNfzwefA7daH,Fleeting Joys,36
23E65IfLBGQv0FBrMwCcG2,Peter McPoland,59
01y8iBZYk8aeNfPsuTVrAt,Sody,63
4IJczjB0fJ04gs4uvP0Fli,Gym Class Heroes,73
0L8ExT028jH3ddEcZwqJJ5,Red Hot Chili Peppers,83
5luRIEhyaVB12mabNujZHx,Hikes,32
0SJxTOELZJa2Cf19TjNEfm,Shag Rock,49
5n4DcEOWdeY9kuOVCoffDi,Tino Drima,34
39v5154nNeWJGatKDkLGu9,Greer,50
4zFUPBeN9jhNn8qkgxEpW9,pxzvc,50
7EEefVBNBS3ckwouEl62oB,Lunar Vacation,49
4Dc9LcdKgjDXV5p3YVulzg,Fashion Jackson,34
1FqqOl9itIUpXr4jZPIVoT,The Drifters,64
6GI52t8N5F02MxU0g5U69P,Santana,72
0RAF8tECP3vmRAnhT7VqZK,Deep Sea Peach Tree,35
5RGM0opcpgekOx1Dlq7iY6,Deaf Dreamer,28
2BjcWnk7C01aHhp59HqUED,Sipper,50
41azuh0IUq4g2UPySoYp8A,Hans.,42
6BMp2cQhN9C3Vl8PLzLvw9,60 juno,40
5Tj6sv1bYiB4PqvvXcTSr6,No Buses,47
7HVn3NY3CYmEjGScBPWF8T,The Pesos,31
6CWTBjOJK75cTE8Xv8u1kj,Feist,62
70cRZdQywnSFp9pnc2WTCE,Simon & Garfunkel,74
22bE4uQ6baNwSHPVcDxLCe,The Rolling Stones,81
6PAt558ZEZl0DmdXlnjMgD,Eric Clapton,75
6DCIj8jNaNpBz8e5oKFPtp,The Cars,67
4tw2Lmn9tTPUv7Gy7mVPI4,Kenny Rogers,71
52K4ArhA4OgMO7AsyEgqCT,Bow Wow Wow,48
3eQvbGxQqVp1I0NrlEFMbF,The Wilderness,26
1SQRv42e4PjEYfPhS0Tk9E,The Kinks,69
2y8Jo9CKhJvtfeKOsYzRdT,Rod Stewart,76
4TMHGUX5WI7OOm53PqSDAT,Grateful Dead,69
5wZOrGWdg4hq7KIRMupJdI,Lone,52
2exkZbmNqMKnT8LRWuxWgy,Moderat,57
6niigcazB2JPcpasZfZvq1,박혜진 Park Hye Jin,50
7xqqOKmWS7KYlorTLXFMiI,Tokyo Ghetto Pussy,31
37S9qlW44AiakSF45Vra1E,Avoure,49
3MM3uKNdJbvefUael12dl3,Rochelle Jordan,39
2yN2Zdj38v2IYQdosx0cPj,NU,20
5zovXI5By2gUhdr7EByjLa,Monkey Safari,52
48I9QQhVxPjmcSOPeLVv5D,boys be kko,29
7ry8L53T4oJtSIogGYuioq,NTO,61
7y1XjJQEGtFmh1MNyWU6cg,Saâda Bonaire,41
1Dt1UKLtrJIW1xxRBejjos,The Blaze,62
6DPQIFnbvlnYf0QozkfiPw,Kermesse,45
7jFUYMpMUBDL4JQtMZ5ilc,Sung Si Kyung,52
4pdoRs7yHNXakMobf8M9Oz,SASAMI,40
2YUe21UG1hJsuhy9E3bzxp,YeYe,40
0Sr5L3iWPn0k6KnDr8RYS8,Kim Kwang Seok,39
36QJpDe2go2KgaRleHCDTp,Led Zeppelin,79
0pxhu7zSqPjBTUWMl6piHF,Molina,54
76sXjAhV0Hc3Pdb6bH3waC,Penny & The Quarters,41
1lc8mnyGrCLtPhCoWjRxjM,Flight Facilities,66
39vA9YljbnOApXKniLWBZv,Sylvan Esso,63
0lEssBAxQl2In4RpaB1C2Y,Talib Kweli,58
62sC6lUEWRjbFqXpMmOk4G,Fugazi,60
1S0vL284jxZYKtZQ2jsQ2X,Melody's Echo Chamber,50
2gaCpvhi31OZtozJKsr5gm,Papooz,50
7gjAu1qr5C2grXeQFFOGeh,Passion Pit,63
42vg2T0Xg9yPaAgogJzoQH,Atlas Genius,52
6dgwEwnK0YtDfS9XhRwBTG,Broken Bells,60
1l9d7B8W0IHy3LqWsxP2SH,Phantogram,71
57MtJQ6Sc4tIxrXIhrqVJL,Generationals,53
4l1cKWYW591xnwEGxpUg3J,Miike Snow,60
1lePdV3gqkl9xhSGD118MO,Yuri Peltier,18
7MQdjsCJeLlvEMib4UQSf7,Brandon Masenko,6
1GwYU29FRrqgNufY7XSHlW,Romero Mosley,12
0rlS0SzVFk8BoiAW0fGBbN,Salaam Remi,65
68mVBdUfVbjnmIRftzaPqz,iiye,22
1CgbNAF3Stnz1Tpipu3xdO,Elujay,49
5CFSYjc0PAiQvndFjafabk,Dean Blunt,53
2slzcgeCx2awZXLNQ3iXVa,The BBC Radiophonic Workshop,24
6PkSULcbxFKkxdgrmPGAvn,Cécile McLorin Salvant,51
1bgyxtWjZwA5PQlDsvs9b8,Sarah Vaughan,59
0x9L9ChXVAf3hFOb0CbRmd,Shirley Horn,47
1JOQXgYdQV2yfrhewqx96o,Giuseppe Verdi,63
2RhkTBo6ams9W8hXDZ3eKI,Papa Charlie Jackson,24
2E3nXyfocf7qfHAIFNbBuj,Carmen McRae,48
6HB1MchEEMg40EisSJuenZ,Betty Carter,47
0A9p7WNA1VwxVyrjx92Z9F,Abbey Lincoln,43
6OBKNqNkRe1Z5VA1TBvMuH,Morgana King,32
7yNele4jnVhZJ2GE7Kg25T,Ernestine Anderson,37
5MwQBuYuEnf6hLsupDJ0Um,Keith Emerson,49
5vQvydukggRLNDH16cx2jz,Carla Vallet,28
1KvNXSn0FKGELFRpfm3ONi,Gabriela Robin,40
5gwjYIVPjuGklvvIhM9EnI,Pierre Bensusan,32
20gOeXI8NLUKdSr9Z4YeD6,Celeste Legaspi,45
4BO8wK4OAaFsi6PSzs366S,Ricky Eat Acid,43
6emHCSoB4tJxTVXakbrpPz,Karen O,52
1fVyf1LbeIEE4DUT4dZhHL,Josephine Foster,34
