juncID, playlistID, trackID, trackPlace
0, 4j7KIy21ELb1KGmUlC7e0F, 308, 0
1, 4j7KIy21ELb1KGmUlC7e0F, 945, 1
2, 4j7KIy21ELb1KGmUlC7e0F, 926, 2
3, 4j7KIy21ELb1KGmUlC7e0F, 926, 3
4, 4j7KIy21ELb1KGmUlC7e0F, 57, 4
5, 4j7KIy21ELb1KGmUlC7e0F, 236, 5
6, 4j7KIy21ELb1KGmUlC7e0F, 145, 6
7, 4j7KIy21ELb1KGmUlC7e0F, 246, 7
8, 4j7KIy21ELb1KGmUlC7e0F, 616, 8
9, 4j7KIy21ELb1KGmUlC7e0F, 665, 9
10, 4j7KIy21ELb1KGmUlC7e0F, 468, 10
11, 4j7KIy21ELb1KGmUlC7e0F, 926, 11
12, 4j7KIy21ELb1KGmUlC7e0F, 660, 12
13, 4j7KIy21ELb1KGmUlC7e0F, 150, 13
14, 4j7KIy21ELb1KGmUlC7e0F, 926, 14
15, 4j7KIy21ELb1KGmUlC7e0F, 926, 15
16, 4j7KIy21ELb1KGmUlC7e0F, 926, 16
17, 4j7KIy21ELb1KGmUlC7e0F, 926, 17
18, 4j7KIy21ELb1KGmUlC7e0F, 926, 18
19, 4j7KIy21ELb1KGmUlC7e0F, 926, 19
20, 4j7KIy21ELb1KGmUlC7e0F, 28, 20
21, 4j7KIy21ELb1KGmUlC7e0F, 204, 21
22, 4j7KIy21ELb1KGmUlC7e0F, 927, 22
23, 4j7KIy21ELb1KGmUlC7e0F, 927, 23
24, 4j7KIy21ELb1KGmUlC7e0F, 927, 24
25, 4j7KIy21ELb1KGmUlC7e0F, 420, 25
26, 4j7KIy21ELb1KGmUlC7e0F, 140, 26
27, 4j7KIy21ELb1KGmUlC7e0F, 852, 27
28, 4j7KIy21ELb1KGmUlC7e0F, 927, 28
29, 4j7KIy21ELb1KGmUlC7e0F, 927, 29
30, 4j7KIy21ELb1KGmUlC7e0F, 927, 30
31, 4j7KIy21ELb1KGmUlC7e0F, 927, 31
32, 4j7KIy21ELb1KGmUlC7e0F, 684, 32
33, 4j7KIy21ELb1KGmUlC7e0F, 927, 33
34, 4j7KIy21ELb1KGmUlC7e0F, 904, 34
35, 4j7KIy21ELb1KGmUlC7e0F, 126, 35
36, 4j7KIy21ELb1KGmUlC7e0F, 927, 36
37, 4j7KIy21ELb1KGmUlC7e0F, 118, 37
38, 4j7KIy21ELb1KGmUlC7e0F, 533, 38
39, 4j7KIy21ELb1KGmUlC7e0F, 108, 39
40, 4j7KIy21ELb1KGmUlC7e0F, 927, 40
41, 4j7KIy21ELb1KGmUlC7e0F, 603, 41
42, 4j7KIy21ELb1KGmUlC7e0F, 928, 42
43, 4j7KIy21ELb1KGmUlC7e0F, 448, 43
44, 4j7KIy21ELb1KGmUlC7e0F, 928, 44
45, 4j7KIy21ELb1KGmUlC7e0F, 928, 45
46, 4j7KIy21ELb1KGmUlC7e0F, 928, 46
47, 4j7KIy21ELb1KGmUlC7e0F, 928, 47
48, 4j7KIy21ELb1KGmUlC7e0F, 928, 48
49, 4j7KIy21ELb1KGmUlC7e0F, 928, 49
50, 4j7KIy21ELb1KGmUlC7e0F, 928, 50
51, 4j7KIy21ELb1KGmUlC7e0F, 928, 51
52, 4j7KIy21ELb1KGmUlC7e0F, 928, 52
53, 4j7KIy21ELb1KGmUlC7e0F, 929, 53
54, 4j7KIy21ELb1KGmUlC7e0F, 929, 54
55, 4j7KIy21ELb1KGmUlC7e0F, 929, 55
56, 4j7KIy21ELb1KGmUlC7e0F, 929, 56
57, 4j7KIy21ELb1KGmUlC7e0F, 929, 57
58, 4j7KIy21ELb1KGmUlC7e0F, 929, 58
59, 4j7KIy21ELb1KGmUlC7e0F, 929, 59
60, 4j7KIy21ELb1KGmUlC7e0F, 929, 60
61, 4j7KIy21ELb1KGmUlC7e0F, 929, 61
62, 4j7KIy21ELb1KGmUlC7e0F, 929, 62
63, 4j7KIy21ELb1KGmUlC7e0F, 74, 63
64, 4j7KIy21ELb1KGmUlC7e0F, 312, 64
65, 4j7KIy21ELb1KGmUlC7e0F, 930, 65
66, 4j7KIy21ELb1KGmUlC7e0F, 930, 66
67, 4j7KIy21ELb1KGmUlC7e0F, 167, 67
68, 4j7KIy21ELb1KGmUlC7e0F, 509, 68
69, 4j7KIy21ELb1KGmUlC7e0F, 930, 69
70, 4j7KIy21ELb1KGmUlC7e0F, 930, 70
71, 4j7KIy21ELb1KGmUlC7e0F, 49, 71
72, 4j7KIy21ELb1KGmUlC7e0F, 704, 72
73, 4j7KIy21ELb1KGmUlC7e0F, 677, 73
74, 4j7KIy21ELb1KGmUlC7e0F, 741, 74
75, 4j7KIy21ELb1KGmUlC7e0F, 930, 75
76, 4j7KIy21ELb1KGmUlC7e0F, 198, 76
77, 4j7KIy21ELb1KGmUlC7e0F, 371, 77
78, 4j7KIy21ELb1KGmUlC7e0F, 930, 78
79, 4j7KIy21ELb1KGmUlC7e0F, 470, 79
80, 4j7KIy21ELb1KGmUlC7e0F, 930, 80
81, 4j7KIy21ELb1KGmUlC7e0F, 930, 81
82, 4j7KIy21ELb1KGmUlC7e0F, 467, 82
83, 4j7KIy21ELb1KGmUlC7e0F, 930, 83
84, 4j7KIy21ELb1KGmUlC7e0F, 295, 84
85, 4j7KIy21ELb1KGmUlC7e0F, 620, 85
86, 4j7KIy21ELb1KGmUlC7e0F, 930, 86
87, 4j7KIy21ELb1KGmUlC7e0F, 931, 87
88, 4j7KIy21ELb1KGmUlC7e0F, 931, 88
89, 4j7KIy21ELb1KGmUlC7e0F, 931, 89
90, 4j7KIy21ELb1KGmUlC7e0F, 931, 90
91, 4j7KIy21ELb1KGmUlC7e0F, 248, 91
92, 4j7KIy21ELb1KGmUlC7e0F, 453, 92
93, 4j7KIy21ELb1KGmUlC7e0F, 931, 93
94, 4j7KIy21ELb1KGmUlC7e0F, 775, 94
95, 4j7KIy21ELb1KGmUlC7e0F, 8, 95
96, 4j7KIy21ELb1KGmUlC7e0F, 931, 96
97, 4j7KIy21ELb1KGmUlC7e0F, 931, 97
98, 4j7KIy21ELb1KGmUlC7e0F, 463, 98
99, 4j7KIy21ELb1KGmUlC7e0F, 359, 99
100, 4j7KIy21ELb1KGmUlC7e0F, 771, 100
101, 4j7KIy21ELb1KGmUlC7e0F, 642, 101
102, 4j7KIy21ELb1KGmUlC7e0F, 615, 102
103, 4j7KIy21ELb1KGmUlC7e0F, 931, 103
104, 4j7KIy21ELb1KGmUlC7e0F, 931, 104
105, 4j7KIy21ELb1KGmUlC7e0F, 576, 105
106, 4j7KIy21ELb1KGmUlC7e0F, 549, 106
107, 4j7KIy21ELb1KGmUlC7e0F, 931, 107
108, 4j7KIy21ELb1KGmUlC7e0F, 932, 108
109, 4j7KIy21ELb1KGmUlC7e0F, 172, 109
110, 4j7KIy21ELb1KGmUlC7e0F, 932, 110
111, 4j7KIy21ELb1KGmUlC7e0F, 932, 111
112, 4j7KIy21ELb1KGmUlC7e0F, 192, 112
113, 4j7KIy21ELb1KGmUlC7e0F, 932, 113
114, 4j7KIy21ELb1KGmUlC7e0F, 932, 114
115, 4j7KIy21ELb1KGmUlC7e0F, 932, 115
116, 4j7KIy21ELb1KGmUlC7e0F, 932, 116
117, 4j7KIy21ELb1KGmUlC7e0F, 932, 117
118, 4j7KIy21ELb1KGmUlC7e0F, 932, 118
119, 4j7KIy21ELb1KGmUlC7e0F, 932, 119
120, 4j7KIy21ELb1KGmUlC7e0F, 933, 120
121, 4j7KIy21ELb1KGmUlC7e0F, 933, 121
122, 4j7KIy21ELb1KGmUlC7e0F, 933, 122
123, 4j7KIy21ELb1KGmUlC7e0F, 933, 123
124, 4j7KIy21ELb1KGmUlC7e0F, 933, 124
125, 4j7KIy21ELb1KGmUlC7e0F, 933, 125
126, 4j7KIy21ELb1KGmUlC7e0F, 933, 126
127, 4j7KIy21ELb1KGmUlC7e0F, 794, 127
128, 4j7KIy21ELb1KGmUlC7e0F, 355, 128
129, 4j7KIy21ELb1KGmUlC7e0F, 201, 129
130, 4j7KIy21ELb1KGmUlC7e0F, 158, 130
131, 4j7KIy21ELb1KGmUlC7e0F, 933, 131
132, 4j7KIy21ELb1KGmUlC7e0F, 933, 132
133, 4j7KIy21ELb1KGmUlC7e0F, 933, 133
134, 4j7KIy21ELb1KGmUlC7e0F, 934, 134
135, 4j7KIy21ELb1KGmUlC7e0F, 934, 135
136, 4j7KIy21ELb1KGmUlC7e0F, 934, 136
137, 4j7KIy21ELb1KGmUlC7e0F, 934, 137
138, 4j7KIy21ELb1KGmUlC7e0F, 934, 138
139, 4j7KIy21ELb1KGmUlC7e0F, 934, 139
140, 4j7KIy21ELb1KGmUlC7e0F, 934, 140
141, 4j7KIy21ELb1KGmUlC7e0F, 934, 141
142, 4j7KIy21ELb1KGmUlC7e0F, 934, 142
143, 4j7KIy21ELb1KGmUlC7e0F, 934, 143
144, 4j7KIy21ELb1KGmUlC7e0F, 935, 144
145, 4j7KIy21ELb1KGmUlC7e0F, 935, 145
146, 4j7KIy21ELb1KGmUlC7e0F, 935, 146
147, 4j7KIy21ELb1KGmUlC7e0F, 935, 147
148, 4j7KIy21ELb1KGmUlC7e0F, 771, 148
149, 4j7KIy21ELb1KGmUlC7e0F, 935, 149
150, 4j7KIy21ELb1KGmUlC7e0F, 935, 150
151, 4j7KIy21ELb1KGmUlC7e0F, 915, 151
152, 4j7KIy21ELb1KGmUlC7e0F, 935, 152
153, 4j7KIy21ELb1KGmUlC7e0F, 935, 153
154, 4j7KIy21ELb1KGmUlC7e0F, 935, 154
155, 4j7KIy21ELb1KGmUlC7e0F, 935, 155
156, 4j7KIy21ELb1KGmUlC7e0F, 936, 156
157, 4j7KIy21ELb1KGmUlC7e0F, 914, 157
158, 4j7KIy21ELb1KGmUlC7e0F, 936, 158
159, 4j7KIy21ELb1KGmUlC7e0F, 936, 159
160, 4j7KIy21ELb1KGmUlC7e0F, 936, 160
161, 4j7KIy21ELb1KGmUlC7e0F, 936, 161
162, 4j7KIy21ELb1KGmUlC7e0F, 936, 162
163, 4j7KIy21ELb1KGmUlC7e0F, 936, 163
164, 4j7KIy21ELb1KGmUlC7e0F, 936, 164
165, 4j7KIy21ELb1KGmUlC7e0F, 936, 165
166, 4j7KIy21ELb1KGmUlC7e0F, 936, 166
167, 4j7KIy21ELb1KGmUlC7e0F, 633, 167
168, 4j7KIy21ELb1KGmUlC7e0F, 937, 168
169, 4j7KIy21ELb1KGmUlC7e0F, 937, 169
170, 4j7KIy21ELb1KGmUlC7e0F, 937, 170
171, 4j7KIy21ELb1KGmUlC7e0F, 937, 171
172, 4j7KIy21ELb1KGmUlC7e0F, 937, 172
173, 4j7KIy21ELb1KGmUlC7e0F, 937, 173
174, 4j7KIy21ELb1KGmUlC7e0F, 41, 174
175, 4j7KIy21ELb1KGmUlC7e0F, 937, 175
176, 4j7KIy21ELb1KGmUlC7e0F, 937, 176
177, 4j7KIy21ELb1KGmUlC7e0F, 937, 177
178, 4j7KIy21ELb1KGmUlC7e0F, 937, 178
179, 4j7KIy21ELb1KGmUlC7e0F, 938, 179
180, 4j7KIy21ELb1KGmUlC7e0F, 938, 180
181, 4j7KIy21ELb1KGmUlC7e0F, 938, 181
182, 4j7KIy21ELb1KGmUlC7e0F, 724, 182
183, 4j7KIy21ELb1KGmUlC7e0F, 938, 183
184, 4j7KIy21ELb1KGmUlC7e0F, 938, 184
185, 4j7KIy21ELb1KGmUlC7e0F, 938, 185
186, 4j7KIy21ELb1KGmUlC7e0F, 938, 186
187, 4j7KIy21ELb1KGmUlC7e0F, 938, 187
188, 4j7KIy21ELb1KGmUlC7e0F, 889, 188
189, 4j7KIy21ELb1KGmUlC7e0F, 938, 189
190, 4j7KIy21ELb1KGmUlC7e0F, 938, 190
191, 4j7KIy21ELb1KGmUlC7e0F, 939, 191
192, 4j7KIy21ELb1KGmUlC7e0F, 939, 192
193, 4j7KIy21ELb1KGmUlC7e0F, 939, 193
194, 4j7KIy21ELb1KGmUlC7e0F, 939, 194
195, 4j7KIy21ELb1KGmUlC7e0F, 939, 195
196, 4j7KIy21ELb1KGmUlC7e0F, 939, 196
197, 4j7KIy21ELb1KGmUlC7e0F, 939, 197
198, 4j7KIy21ELb1KGmUlC7e0F, 939, 198
199, 4j7KIy21ELb1KGmUlC7e0F, 939, 199
200, 4j7KIy21ELb1KGmUlC7e0F, 939, 200
201, 4j7KIy21ELb1KGmUlC7e0F, 940, 201
202, 4j7KIy21ELb1KGmUlC7e0F, 940, 202
203, 4j7KIy21ELb1KGmUlC7e0F, 940, 203
204, 4j7KIy21ELb1KGmUlC7e0F, 940, 204
205, 4j7KIy21ELb1KGmUlC7e0F, 940, 205
206, 4j7KIy21ELb1KGmUlC7e0F, 940, 206
207, 4j7KIy21ELb1KGmUlC7e0F, 940, 207
208, 4j7KIy21ELb1KGmUlC7e0F, 940, 208
209, 4j7KIy21ELb1KGmUlC7e0F, 940, 209
210, 4j7KIy21ELb1KGmUlC7e0F, 940, 210
211, 4j7KIy21ELb1KGmUlC7e0F, 941, 211
212, 4j7KIy21ELb1KGmUlC7e0F, 941, 212
213, 4j7KIy21ELb1KGmUlC7e0F, 941, 213
214, 4j7KIy21ELb1KGmUlC7e0F, 941, 214
215, 4j7KIy21ELb1KGmUlC7e0F, 941, 215
216, 4j7KIy21ELb1KGmUlC7e0F, 934, 216
217, 4j7KIy21ELb1KGmUlC7e0F, 941, 217
218, 4j7KIy21ELb1KGmUlC7e0F, 941, 218
219, 4j7KIy21ELb1KGmUlC7e0F, 941, 219
220, 4j7KIy21ELb1KGmUlC7e0F, 941, 220
221, 4j7KIy21ELb1KGmUlC7e0F, 942, 221
222, 4j7KIy21ELb1KGmUlC7e0F, 942, 222
223, 4j7KIy21ELb1KGmUlC7e0F, 942, 223
224, 4j7KIy21ELb1KGmUlC7e0F, 942, 224
225, 4j7KIy21ELb1KGmUlC7e0F, 942, 225
226, 4j7KIy21ELb1KGmUlC7e0F, 942, 226
227, 4j7KIy21ELb1KGmUlC7e0F, 942, 227
228, 4j7KIy21ELb1KGmUlC7e0F, 319, 228
229, 4j7KIy21ELb1KGmUlC7e0F, 8, 229
230, 4j7KIy21ELb1KGmUlC7e0F, 290, 230
231, 4j7KIy21ELb1KGmUlC7e0F, 942, 231
232, 4j7KIy21ELb1KGmUlC7e0F, 942, 232
233, 4j7KIy21ELb1KGmUlC7e0F, 942, 233
234, 4j7KIy21ELb1KGmUlC7e0F, 943, 234
235, 4j7KIy21ELb1KGmUlC7e0F, 943, 235
236, 4j7KIy21ELb1KGmUlC7e0F, 943, 236
237, 4j7KIy21ELb1KGmUlC7e0F, 943, 237
238, 4j7KIy21ELb1KGmUlC7e0F, 943, 238
239, 4j7KIy21ELb1KGmUlC7e0F, 112, 239
240, 4j7KIy21ELb1KGmUlC7e0F, 943, 240
241, 4j7KIy21ELb1KGmUlC7e0F, 943, 241
242, 4j7KIy21ELb1KGmUlC7e0F, 943, 242
243, 4j7KIy21ELb1KGmUlC7e0F, 943, 243
244, 4j7KIy21ELb1KGmUlC7e0F, 943, 244
245, 4j7KIy21ELb1KGmUlC7e0F, 944, 245
246, 4j7KIy21ELb1KGmUlC7e0F, 944, 246
247, 4j7KIy21ELb1KGmUlC7e0F, 944, 247
248, 4j7KIy21ELb1KGmUlC7e0F, 944, 248
249, 4j7KIy21ELb1KGmUlC7e0F, 944, 249
250, 4j7KIy21ELb1KGmUlC7e0F, 833, 250
251, 4j7KIy21ELb1KGmUlC7e0F, 944, 251
252, 4j7KIy21ELb1KGmUlC7e0F, 944, 252
253, 4j7KIy21ELb1KGmUlC7e0F, 944, 253
254, 4j7KIy21ELb1KGmUlC7e0F, 944, 254
255, 4j7KIy21ELb1KGmUlC7e0F, 944, 255
256, 4j7KIy21ELb1KGmUlC7e0F, 945, 256
257, 4j7KIy21ELb1KGmUlC7e0F, 945, 257
258, 4j7KIy21ELb1KGmUlC7e0F, 945, 258
259, 4j7KIy21ELb1KGmUlC7e0F, 945, 259
260, 4j7KIy21ELb1KGmUlC7e0F, 945, 260
261, 4j7KIy21ELb1KGmUlC7e0F, 945, 261
262, 4j7KIy21ELb1KGmUlC7e0F, 945, 262
263, 4j7KIy21ELb1KGmUlC7e0F, 945, 263
264, 4j7KIy21ELb1KGmUlC7e0F, 945, 264
0, 2XiP3uZsKHrSHkTHgv3mCZ, 945, 0
1, 2XiP3uZsKHrSHkTHgv3mCZ, 87, 1
2, 2XiP3uZsKHrSHkTHgv3mCZ, 946, 2
3, 2XiP3uZsKHrSHkTHgv3mCZ, 925, 3
4, 2XiP3uZsKHrSHkTHgv3mCZ, 256, 4
5, 2XiP3uZsKHrSHkTHgv3mCZ, 707, 5
6, 2XiP3uZsKHrSHkTHgv3mCZ, 815, 6
7, 2XiP3uZsKHrSHkTHgv3mCZ, 287, 7
8, 2XiP3uZsKHrSHkTHgv3mCZ, 946, 8
9, 2XiP3uZsKHrSHkTHgv3mCZ, 946, 9
10, 2XiP3uZsKHrSHkTHgv3mCZ, 857, 10
11, 2XiP3uZsKHrSHkTHgv3mCZ, 946, 11
12, 2XiP3uZsKHrSHkTHgv3mCZ, 58, 12
13, 2XiP3uZsKHrSHkTHgv3mCZ, 946, 13
14, 2XiP3uZsKHrSHkTHgv3mCZ, 946, 14
15, 2XiP3uZsKHrSHkTHgv3mCZ, 946, 15
16, 2XiP3uZsKHrSHkTHgv3mCZ, 946, 16
17, 2XiP3uZsKHrSHkTHgv3mCZ, 946, 17
18, 2XiP3uZsKHrSHkTHgv3mCZ, 588, 18
19, 2XiP3uZsKHrSHkTHgv3mCZ, 946, 19
20, 2XiP3uZsKHrSHkTHgv3mCZ, 423, 20
21, 2XiP3uZsKHrSHkTHgv3mCZ, 947, 21
0, 37i9dQZF1EUMDoJuT8yJsl, 728, 0
1, 37i9dQZF1EUMDoJuT8yJsl, 752, 1
2, 37i9dQZF1EUMDoJuT8yJsl, 550, 2
3, 37i9dQZF1EUMDoJuT8yJsl, 158, 3
4, 37i9dQZF1EUMDoJuT8yJsl, 145, 4
5, 37i9dQZF1EUMDoJuT8yJsl, 111, 5
6, 37i9dQZF1EUMDoJuT8yJsl, 273, 6
7, 37i9dQZF1EUMDoJuT8yJsl, 323, 7
8, 37i9dQZF1EUMDoJuT8yJsl, 759, 8
9, 37i9dQZF1EUMDoJuT8yJsl, 675, 9
10, 37i9dQZF1EUMDoJuT8yJsl, 113, 10
11, 37i9dQZF1EUMDoJuT8yJsl, 35, 11
12, 37i9dQZF1EUMDoJuT8yJsl, 71, 12
13, 37i9dQZF1EUMDoJuT8yJsl, 256, 13
14, 37i9dQZF1EUMDoJuT8yJsl, 793, 14
15, 37i9dQZF1EUMDoJuT8yJsl, 947, 15
16, 37i9dQZF1EUMDoJuT8yJsl, 536, 16
17, 37i9dQZF1EUMDoJuT8yJsl, 947, 17
18, 37i9dQZF1EUMDoJuT8yJsl, 142, 18
19, 37i9dQZF1EUMDoJuT8yJsl, 909, 19
20, 37i9dQZF1EUMDoJuT8yJsl, 535, 20
21, 37i9dQZF1EUMDoJuT8yJsl, 947, 21
22, 37i9dQZF1EUMDoJuT8yJsl, 509, 22
23, 37i9dQZF1EUMDoJuT8yJsl, 504, 23
24, 37i9dQZF1EUMDoJuT8yJsl, 129, 24
25, 37i9dQZF1EUMDoJuT8yJsl, 70, 25
26, 37i9dQZF1EUMDoJuT8yJsl, 210, 26
27, 37i9dQZF1EUMDoJuT8yJsl, 440, 27
28, 37i9dQZF1EUMDoJuT8yJsl, 803, 28
29, 37i9dQZF1EUMDoJuT8yJsl, 947, 29
30, 37i9dQZF1EUMDoJuT8yJsl, 379, 30
31, 37i9dQZF1EUMDoJuT8yJsl, 792, 31
32, 37i9dQZF1EUMDoJuT8yJsl, 423, 32
33, 37i9dQZF1EUMDoJuT8yJsl, 947, 33
34, 37i9dQZF1EUMDoJuT8yJsl, 947, 34
35, 37i9dQZF1EUMDoJuT8yJsl, 614, 35
36, 37i9dQZF1EUMDoJuT8yJsl, 947, 36
37, 37i9dQZF1EUMDoJuT8yJsl, 540, 37
38, 37i9dQZF1EUMDoJuT8yJsl, 947, 38
39, 37i9dQZF1EUMDoJuT8yJsl, 796, 39
40, 37i9dQZF1EUMDoJuT8yJsl, 281, 40
41, 37i9dQZF1EUMDoJuT8yJsl, 567, 41
42, 37i9dQZF1EUMDoJuT8yJsl, 947, 42
43, 37i9dQZF1EUMDoJuT8yJsl, 574, 43
44, 37i9dQZF1EUMDoJuT8yJsl, 204, 44
45, 37i9dQZF1EUMDoJuT8yJsl, 948, 45
46, 37i9dQZF1EUMDoJuT8yJsl, 948, 46
47, 37i9dQZF1EUMDoJuT8yJsl, 329, 47
48, 37i9dQZF1EUMDoJuT8yJsl, 86, 48
49, 37i9dQZF1EUMDoJuT8yJsl, 456, 49
50, 37i9dQZF1EUMDoJuT8yJsl, 52, 50
51, 37i9dQZF1EUMDoJuT8yJsl, 330, 51
52, 37i9dQZF1EUMDoJuT8yJsl, 844, 52
53, 37i9dQZF1EUMDoJuT8yJsl, 285, 53
54, 37i9dQZF1EUMDoJuT8yJsl, 858, 54
55, 37i9dQZF1EUMDoJuT8yJsl, 544, 55
56, 37i9dQZF1EUMDoJuT8yJsl, 386, 56
57, 37i9dQZF1EUMDoJuT8yJsl, 144, 57
58, 37i9dQZF1EUMDoJuT8yJsl, 198, 58
59, 37i9dQZF1EUMDoJuT8yJsl, 948, 59
60, 37i9dQZF1EUMDoJuT8yJsl, 948, 60
61, 37i9dQZF1EUMDoJuT8yJsl, 948, 61
62, 37i9dQZF1EUMDoJuT8yJsl, 232, 62
63, 37i9dQZF1EUMDoJuT8yJsl, 410, 63
64, 37i9dQZF1EUMDoJuT8yJsl, 596, 64
65, 37i9dQZF1EUMDoJuT8yJsl, 117, 65
66, 37i9dQZF1EUMDoJuT8yJsl, 689, 66
67, 37i9dQZF1EUMDoJuT8yJsl, 313, 67
68, 37i9dQZF1EUMDoJuT8yJsl, 290, 68
69, 37i9dQZF1EUMDoJuT8yJsl, 948, 69
70, 37i9dQZF1EUMDoJuT8yJsl, 948, 70
71, 37i9dQZF1EUMDoJuT8yJsl, 15, 71
72, 37i9dQZF1EUMDoJuT8yJsl, 579, 72
73, 37i9dQZF1EUMDoJuT8yJsl, 270, 73
74, 37i9dQZF1EUMDoJuT8yJsl, 187, 74
75, 37i9dQZF1EUMDoJuT8yJsl, 137, 75
76, 37i9dQZF1EUMDoJuT8yJsl, 255, 76
77, 37i9dQZF1EUMDoJuT8yJsl, 620, 77
78, 37i9dQZF1EUMDoJuT8yJsl, 948, 78
79, 37i9dQZF1EUMDoJuT8yJsl, 168, 79
80, 37i9dQZF1EUMDoJuT8yJsl, 948, 80
81, 37i9dQZF1EUMDoJuT8yJsl, 35, 81
82, 37i9dQZF1EUMDoJuT8yJsl, 119, 82
83, 37i9dQZF1EUMDoJuT8yJsl, 329, 83
84, 37i9dQZF1EUMDoJuT8yJsl, 14, 84
85, 37i9dQZF1EUMDoJuT8yJsl, 639, 85
86, 37i9dQZF1EUMDoJuT8yJsl, 230, 86
87, 37i9dQZF1EUMDoJuT8yJsl, 948, 87
88, 37i9dQZF1EUMDoJuT8yJsl, 437, 88
89, 37i9dQZF1EUMDoJuT8yJsl, 212, 89
90, 37i9dQZF1EUMDoJuT8yJsl, 178, 90
91, 37i9dQZF1EUMDoJuT8yJsl, 949, 91
92, 37i9dQZF1EUMDoJuT8yJsl, 710, 92
93, 37i9dQZF1EUMDoJuT8yJsl, 148, 93
94, 37i9dQZF1EUMDoJuT8yJsl, 949, 94
95, 37i9dQZF1EUMDoJuT8yJsl, 179, 95
96, 37i9dQZF1EUMDoJuT8yJsl, 623, 96
97, 37i9dQZF1EUMDoJuT8yJsl, 842, 97
98, 37i9dQZF1EUMDoJuT8yJsl, 491, 98
99, 37i9dQZF1EUMDoJuT8yJsl, 419, 99
0, 2PNX5RUKJ2D8X46QbnHt4s, 949, 0
1, 2PNX5RUKJ2D8X46QbnHt4s, 949, 1
2, 2PNX5RUKJ2D8X46QbnHt4s, 113, 2
3, 2PNX5RUKJ2D8X46QbnHt4s, 949, 3
4, 2PNX5RUKJ2D8X46QbnHt4s, 300, 4
5, 2PNX5RUKJ2D8X46QbnHt4s, 637, 5
6, 2PNX5RUKJ2D8X46QbnHt4s, 340, 6
7, 2PNX5RUKJ2D8X46QbnHt4s, 593, 7
8, 2PNX5RUKJ2D8X46QbnHt4s, 949, 8
9, 2PNX5RUKJ2D8X46QbnHt4s, 66, 9
10, 2PNX5RUKJ2D8X46QbnHt4s, 949, 10
11, 2PNX5RUKJ2D8X46QbnHt4s, 612, 11
12, 2PNX5RUKJ2D8X46QbnHt4s, 949, 12
13, 2PNX5RUKJ2D8X46QbnHt4s, 945, 13
14, 2PNX5RUKJ2D8X46QbnHt4s, 349, 14
15, 2PNX5RUKJ2D8X46QbnHt4s, 949, 15
16, 2PNX5RUKJ2D8X46QbnHt4s, 83, 16
17, 2PNX5RUKJ2D8X46QbnHt4s, 364, 17
18, 2PNX5RUKJ2D8X46QbnHt4s, 949, 18
19, 2PNX5RUKJ2D8X46QbnHt4s, 950, 19
20, 2PNX5RUKJ2D8X46QbnHt4s, 878, 20
21, 2PNX5RUKJ2D8X46QbnHt4s, 950, 21
22, 2PNX5RUKJ2D8X46QbnHt4s, 794, 22
23, 2PNX5RUKJ2D8X46QbnHt4s, 268, 23
24, 2PNX5RUKJ2D8X46QbnHt4s, 243, 24
25, 2PNX5RUKJ2D8X46QbnHt4s, 44, 25
26, 2PNX5RUKJ2D8X46QbnHt4s, 294, 26
27, 2PNX5RUKJ2D8X46QbnHt4s, 289, 27
0, 5CgydLDCC0IWWzXT3iHsUu, 353, 0
1, 5CgydLDCC0IWWzXT3iHsUu, 629, 1
2, 5CgydLDCC0IWWzXT3iHsUu, 949, 2
3, 5CgydLDCC0IWWzXT3iHsUu, 946, 3
4, 5CgydLDCC0IWWzXT3iHsUu, 950, 4
5, 5CgydLDCC0IWWzXT3iHsUu, 633, 5
6, 5CgydLDCC0IWWzXT3iHsUu, 105, 6
7, 5CgydLDCC0IWWzXT3iHsUu, 950, 7
8, 5CgydLDCC0IWWzXT3iHsUu, 950, 8
9, 5CgydLDCC0IWWzXT3iHsUu, 950, 9
10, 5CgydLDCC0IWWzXT3iHsUu, 950, 10
11, 5CgydLDCC0IWWzXT3iHsUu, 950, 11
12, 5CgydLDCC0IWWzXT3iHsUu, 950, 12
13, 5CgydLDCC0IWWzXT3iHsUu, 950, 13
14, 5CgydLDCC0IWWzXT3iHsUu, 371, 14
15, 5CgydLDCC0IWWzXT3iHsUu, 949, 15
16, 5CgydLDCC0IWWzXT3iHsUu, 587, 16
17, 5CgydLDCC0IWWzXT3iHsUu, 951, 17
18, 5CgydLDCC0IWWzXT3iHsUu, 375, 18
19, 5CgydLDCC0IWWzXT3iHsUu, 951, 19
20, 5CgydLDCC0IWWzXT3iHsUu, 951, 20
21, 5CgydLDCC0IWWzXT3iHsUu, 444, 21
22, 5CgydLDCC0IWWzXT3iHsUu, 946, 22
23, 5CgydLDCC0IWWzXT3iHsUu, 804, 23
24, 5CgydLDCC0IWWzXT3iHsUu, 951, 24
25, 5CgydLDCC0IWWzXT3iHsUu, 951, 25
0, 37i9dQZF1DWVV27DiNWxkR, 363, 0
1, 37i9dQZF1DWVV27DiNWxkR, 881, 1
2, 37i9dQZF1DWVV27DiNWxkR, 951, 2
3, 37i9dQZF1DWVV27DiNWxkR, 951, 3
4, 37i9dQZF1DWVV27DiNWxkR, 93, 4
5, 37i9dQZF1DWVV27DiNWxkR, 951, 5
6, 37i9dQZF1DWVV27DiNWxkR, 951, 6
7, 37i9dQZF1DWVV27DiNWxkR, 951, 7
8, 37i9dQZF1DWVV27DiNWxkR, 952, 8
9, 37i9dQZF1DWVV27DiNWxkR, 952, 9
10, 37i9dQZF1DWVV27DiNWxkR, 68, 10
11, 37i9dQZF1DWVV27DiNWxkR, 952, 11
12, 37i9dQZF1DWVV27DiNWxkR, 879, 12
13, 37i9dQZF1DWVV27DiNWxkR, 235, 13
14, 37i9dQZF1DWVV27DiNWxkR, 952, 14
15, 37i9dQZF1DWVV27DiNWxkR, 952, 15
16, 37i9dQZF1DWVV27DiNWxkR, 95, 16
17, 37i9dQZF1DWVV27DiNWxkR, 952, 17
18, 37i9dQZF1DWVV27DiNWxkR, 952, 18
19, 37i9dQZF1DWVV27DiNWxkR, 301, 19
20, 37i9dQZF1DWVV27DiNWxkR, 952, 20
21, 37i9dQZF1DWVV27DiNWxkR, 952, 21
22, 37i9dQZF1DWVV27DiNWxkR, 952, 22
23, 37i9dQZF1DWVV27DiNWxkR, 953, 23
24, 37i9dQZF1DWVV27DiNWxkR, 947, 24
25, 37i9dQZF1DWVV27DiNWxkR, 953, 25
26, 37i9dQZF1DWVV27DiNWxkR, 71, 26
27, 37i9dQZF1DWVV27DiNWxkR, 953, 27
28, 37i9dQZF1DWVV27DiNWxkR, 953, 28
29, 37i9dQZF1DWVV27DiNWxkR, 953, 29
30, 37i9dQZF1DWVV27DiNWxkR, 953, 30
31, 37i9dQZF1DWVV27DiNWxkR, 953, 31
32, 37i9dQZF1DWVV27DiNWxkR, 953, 32
33, 37i9dQZF1DWVV27DiNWxkR, 953, 33
34, 37i9dQZF1DWVV27DiNWxkR, 953, 34
35, 37i9dQZF1DWVV27DiNWxkR, 954, 35
36, 37i9dQZF1DWVV27DiNWxkR, 954, 36
37, 37i9dQZF1DWVV27DiNWxkR, 954, 37
38, 37i9dQZF1DWVV27DiNWxkR, 954, 38
39, 37i9dQZF1DWVV27DiNWxkR, 954, 39
40, 37i9dQZF1DWVV27DiNWxkR, 954, 40
41, 37i9dQZF1DWVV27DiNWxkR, 954, 41
42, 37i9dQZF1DWVV27DiNWxkR, 840, 42
43, 37i9dQZF1DWVV27DiNWxkR, 954, 43
44, 37i9dQZF1DWVV27DiNWxkR, 954, 44
45, 37i9dQZF1DWVV27DiNWxkR, 954, 45
46, 37i9dQZF1DWVV27DiNWxkR, 955, 46
47, 37i9dQZF1DWVV27DiNWxkR, 955, 47
48, 37i9dQZF1DWVV27DiNWxkR, 955, 48
49, 37i9dQZF1DWVV27DiNWxkR, 955, 49
50, 37i9dQZF1DWVV27DiNWxkR, 955, 50
51, 37i9dQZF1DWVV27DiNWxkR, 955, 51
52, 37i9dQZF1DWVV27DiNWxkR, 777, 52
53, 37i9dQZF1DWVV27DiNWxkR, 955, 53
54, 37i9dQZF1DWVV27DiNWxkR, 955, 54
55, 37i9dQZF1DWVV27DiNWxkR, 955, 55
56, 37i9dQZF1DWVV27DiNWxkR, 955, 56
57, 37i9dQZF1DWVV27DiNWxkR, 956, 57
58, 37i9dQZF1DWVV27DiNWxkR, 956, 58
59, 37i9dQZF1DWVV27DiNWxkR, 956, 59
60, 37i9dQZF1DWVV27DiNWxkR, 956, 60
61, 37i9dQZF1DWVV27DiNWxkR, 956, 61
62, 37i9dQZF1DWVV27DiNWxkR, 956, 62
63, 37i9dQZF1DWVV27DiNWxkR, 956, 63
64, 37i9dQZF1DWVV27DiNWxkR, 956, 64
65, 37i9dQZF1DWVV27DiNWxkR, 956, 65
66, 37i9dQZF1DWVV27DiNWxkR, 664, 66
67, 37i9dQZF1DWVV27DiNWxkR, 956, 67
68, 37i9dQZF1DWVV27DiNWxkR, 957, 68
69, 37i9dQZF1DWVV27DiNWxkR, 957, 69
70, 37i9dQZF1DWVV27DiNWxkR, 957, 70
71, 37i9dQZF1DWVV27DiNWxkR, 155, 71
72, 37i9dQZF1DWVV27DiNWxkR, 957, 72
73, 37i9dQZF1DWVV27DiNWxkR, 957, 73
74, 37i9dQZF1DWVV27DiNWxkR, 957, 74
75, 37i9dQZF1DWVV27DiNWxkR, 449, 75
76, 37i9dQZF1DWVV27DiNWxkR, 957, 76
77, 37i9dQZF1DWVV27DiNWxkR, 957, 77
78, 37i9dQZF1DWVV27DiNWxkR, 957, 78
79, 37i9dQZF1DWVV27DiNWxkR, 957, 79
80, 37i9dQZF1DWVV27DiNWxkR, 529, 80
81, 37i9dQZF1DWVV27DiNWxkR, 958, 81
82, 37i9dQZF1DWVV27DiNWxkR, 958, 82
83, 37i9dQZF1DWVV27DiNWxkR, 958, 83
84, 37i9dQZF1DWVV27DiNWxkR, 958, 84
85, 37i9dQZF1DWVV27DiNWxkR, 908, 85
86, 37i9dQZF1DWVV27DiNWxkR, 958, 86
87, 37i9dQZF1DWVV27DiNWxkR, 958, 87
88, 37i9dQZF1DWVV27DiNWxkR, 958, 88
89, 37i9dQZF1DWVV27DiNWxkR, 958, 89
90, 37i9dQZF1DWVV27DiNWxkR, 958, 90
91, 37i9dQZF1DWVV27DiNWxkR, 958, 91
92, 37i9dQZF1DWVV27DiNWxkR, 959, 92
93, 37i9dQZF1DWVV27DiNWxkR, 959, 93
94, 37i9dQZF1DWVV27DiNWxkR, 959, 94
95, 37i9dQZF1DWVV27DiNWxkR, 959, 95
96, 37i9dQZF1DWVV27DiNWxkR, 959, 96
97, 37i9dQZF1DWVV27DiNWxkR, 959, 97
98, 37i9dQZF1DWVV27DiNWxkR, 959, 98
0, 37i9dQZF1DX0x36cwEyOTG, 959, 0
1, 37i9dQZF1DX0x36cwEyOTG, 959, 1
2, 37i9dQZF1DX0x36cwEyOTG, 959, 2
3, 37i9dQZF1DX0x36cwEyOTG, 960, 3
4, 37i9dQZF1DX0x36cwEyOTG, 960, 4
5, 37i9dQZF1DX0x36cwEyOTG, 960, 5
6, 37i9dQZF1DX0x36cwEyOTG, 960, 6
7, 37i9dQZF1DX0x36cwEyOTG, 960, 7
8, 37i9dQZF1DX0x36cwEyOTG, 960, 8
9, 37i9dQZF1DX0x36cwEyOTG, 959, 9
10, 37i9dQZF1DX0x36cwEyOTG, 960, 10
11, 37i9dQZF1DX0x36cwEyOTG, 960, 11
12, 37i9dQZF1DX0x36cwEyOTG, 960, 12
13, 37i9dQZF1DX0x36cwEyOTG, 961, 13
14, 37i9dQZF1DX0x36cwEyOTG, 961, 14
15, 37i9dQZF1DX0x36cwEyOTG, 961, 15
16, 37i9dQZF1DX0x36cwEyOTG, 961, 16
17, 37i9dQZF1DX0x36cwEyOTG, 961, 17
18, 37i9dQZF1DX0x36cwEyOTG, 961, 18
19, 37i9dQZF1DX0x36cwEyOTG, 961, 19
20, 37i9dQZF1DX0x36cwEyOTG, 961, 20
21, 37i9dQZF1DX0x36cwEyOTG, 961, 21
22, 37i9dQZF1DX0x36cwEyOTG, 961, 22
23, 37i9dQZF1DX0x36cwEyOTG, 962, 23
24, 37i9dQZF1DX0x36cwEyOTG, 962, 24
25, 37i9dQZF1DX0x36cwEyOTG, 962, 25
26, 37i9dQZF1DX0x36cwEyOTG, 962, 26
27, 37i9dQZF1DX0x36cwEyOTG, 962, 27
28, 37i9dQZF1DX0x36cwEyOTG, 962, 28
29, 37i9dQZF1DX0x36cwEyOTG, 962, 29
30, 37i9dQZF1DX0x36cwEyOTG, 962, 30
31, 37i9dQZF1DX0x36cwEyOTG, 962, 31
32, 37i9dQZF1DX0x36cwEyOTG, 962, 32
33, 37i9dQZF1DX0x36cwEyOTG, 963, 33
34, 37i9dQZF1DX0x36cwEyOTG, 963, 34
35, 37i9dQZF1DX0x36cwEyOTG, 963, 35
36, 37i9dQZF1DX0x36cwEyOTG, 963, 36
37, 37i9dQZF1DX0x36cwEyOTG, 963, 37
38, 37i9dQZF1DX0x36cwEyOTG, 963, 38
39, 37i9dQZF1DX0x36cwEyOTG, 963, 39
40, 37i9dQZF1DX0x36cwEyOTG, 963, 40
41, 37i9dQZF1DX0x36cwEyOTG, 963, 41
42, 37i9dQZF1DX0x36cwEyOTG, 963, 42
43, 37i9dQZF1DX0x36cwEyOTG, 964, 43
44, 37i9dQZF1DX0x36cwEyOTG, 964, 44
45, 37i9dQZF1DX0x36cwEyOTG, 964, 45
46, 37i9dQZF1DX0x36cwEyOTG, 964, 46
47, 37i9dQZF1DX0x36cwEyOTG, 964, 47
48, 37i9dQZF1DX0x36cwEyOTG, 964, 48
49, 37i9dQZF1DX0x36cwEyOTG, 964, 49
50, 37i9dQZF1DX0x36cwEyOTG, 964, 50
51, 37i9dQZF1DX0x36cwEyOTG, 964, 51
52, 37i9dQZF1DX0x36cwEyOTG, 964, 52
53, 37i9dQZF1DX0x36cwEyOTG, 965, 53
54, 37i9dQZF1DX0x36cwEyOTG, 953, 54
55, 37i9dQZF1DX0x36cwEyOTG, 965, 55
56, 37i9dQZF1DX0x36cwEyOTG, 965, 56
57, 37i9dQZF1DX0x36cwEyOTG, 965, 57
58, 37i9dQZF1DX0x36cwEyOTG, 965, 58
59, 37i9dQZF1DX0x36cwEyOTG, 965, 59
60, 37i9dQZF1DX0x36cwEyOTG, 965, 60
61, 37i9dQZF1DX0x36cwEyOTG, 965, 61
62, 37i9dQZF1DX0x36cwEyOTG, 965, 62
63, 37i9dQZF1DX0x36cwEyOTG, 965, 63
64, 37i9dQZF1DX0x36cwEyOTG, 966, 64
65, 37i9dQZF1DX0x36cwEyOTG, 966, 65
66, 37i9dQZF1DX0x36cwEyOTG, 966, 66
67, 37i9dQZF1DX0x36cwEyOTG, 966, 67
68, 37i9dQZF1DX0x36cwEyOTG, 966, 68
69, 37i9dQZF1DX0x36cwEyOTG, 966, 69
70, 37i9dQZF1DX0x36cwEyOTG, 966, 70
71, 37i9dQZF1DX0x36cwEyOTG, 966, 71
72, 37i9dQZF1DX0x36cwEyOTG, 966, 72
73, 37i9dQZF1DX0x36cwEyOTG, 966, 73
74, 37i9dQZF1DX0x36cwEyOTG, 967, 74
75, 37i9dQZF1DX0x36cwEyOTG, 967, 75
76, 37i9dQZF1DX0x36cwEyOTG, 493, 76
77, 37i9dQZF1DX0x36cwEyOTG, 967, 77
78, 37i9dQZF1DX0x36cwEyOTG, 967, 78
79, 37i9dQZF1DX0x36cwEyOTG, 967, 79
80, 37i9dQZF1DX0x36cwEyOTG, 273, 80
81, 37i9dQZF1DX0x36cwEyOTG, 967, 81
82, 37i9dQZF1DX0x36cwEyOTG, 967, 82
83, 37i9dQZF1DX0x36cwEyOTG, 967, 83
84, 37i9dQZF1DX0x36cwEyOTG, 967, 84
85, 37i9dQZF1DX0x36cwEyOTG, 967, 85
86, 37i9dQZF1DX0x36cwEyOTG, 968, 86
87, 37i9dQZF1DX0x36cwEyOTG, 968, 87
88, 37i9dQZF1DX0x36cwEyOTG, 968, 88
89, 37i9dQZF1DX0x36cwEyOTG, 968, 89
90, 37i9dQZF1DX0x36cwEyOTG, 968, 90
91, 37i9dQZF1DX0x36cwEyOTG, 968, 91
92, 37i9dQZF1DX0x36cwEyOTG, 968, 92
93, 37i9dQZF1DX0x36cwEyOTG, 968, 93
94, 37i9dQZF1DX0x36cwEyOTG, 968, 94
95, 37i9dQZF1DX0x36cwEyOTG, 968, 95
96, 37i9dQZF1DX0x36cwEyOTG, 969, 96
97, 37i9dQZF1DX0x36cwEyOTG, 969, 97
98, 37i9dQZF1DX0x36cwEyOTG, 969, 98
99, 37i9dQZF1DX0x36cwEyOTG, 969, 99
100, 37i9dQZF1DX0x36cwEyOTG, 969, 100
101, 37i9dQZF1DX0x36cwEyOTG, 969, 101
102, 37i9dQZF1DX0x36cwEyOTG, 969, 102
103, 37i9dQZF1DX0x36cwEyOTG, 969, 103
104, 37i9dQZF1DX0x36cwEyOTG, 969, 104
105, 37i9dQZF1DX0x36cwEyOTG, 969, 105
106, 37i9dQZF1DX0x36cwEyOTG, 970, 106
107, 37i9dQZF1DX0x36cwEyOTG, 970, 107
108, 37i9dQZF1DX0x36cwEyOTG, 970, 108
109, 37i9dQZF1DX0x36cwEyOTG, 839, 109
0, 7bXzIXuxZtVTwd28IeJQdd, 970, 0
1, 7bXzIXuxZtVTwd28IeJQdd, 456, 1
2, 7bXzIXuxZtVTwd28IeJQdd, 970, 2
3, 7bXzIXuxZtVTwd28IeJQdd, 970, 3
4, 7bXzIXuxZtVTwd28IeJQdd, 614, 4
5, 7bXzIXuxZtVTwd28IeJQdd, 822, 5
6, 7bXzIXuxZtVTwd28IeJQdd, 970, 6
7, 7bXzIXuxZtVTwd28IeJQdd, 475, 7
8, 7bXzIXuxZtVTwd28IeJQdd, 970, 8
9, 7bXzIXuxZtVTwd28IeJQdd, 419, 9
10, 7bXzIXuxZtVTwd28IeJQdd, 110, 10
11, 7bXzIXuxZtVTwd28IeJQdd, 549, 11
12, 7bXzIXuxZtVTwd28IeJQdd, 355, 12
13, 7bXzIXuxZtVTwd28IeJQdd, 947, 13
14, 7bXzIXuxZtVTwd28IeJQdd, 829, 14
15, 7bXzIXuxZtVTwd28IeJQdd, 578, 15
16, 7bXzIXuxZtVTwd28IeJQdd, 970, 16
17, 7bXzIXuxZtVTwd28IeJQdd, 970, 17
18, 7bXzIXuxZtVTwd28IeJQdd, 565, 18
19, 7bXzIXuxZtVTwd28IeJQdd, 971, 19
20, 7bXzIXuxZtVTwd28IeJQdd, 538, 20
21, 7bXzIXuxZtVTwd28IeJQdd, 946, 21
22, 7bXzIXuxZtVTwd28IeJQdd, 971, 22
23, 7bXzIXuxZtVTwd28IeJQdd, 949, 23
24, 7bXzIXuxZtVTwd28IeJQdd, 436, 24
0, 3Tpu1N4EaymmXwyOcnWRkf, 918, 0
1, 3Tpu1N4EaymmXwyOcnWRkf, 918, 1
2, 3Tpu1N4EaymmXwyOcnWRkf, 918, 2
3, 3Tpu1N4EaymmXwyOcnWRkf, 918, 3
4, 3Tpu1N4EaymmXwyOcnWRkf, 946, 4
5, 3Tpu1N4EaymmXwyOcnWRkf, 918, 5
6, 3Tpu1N4EaymmXwyOcnWRkf, 918, 6
7, 3Tpu1N4EaymmXwyOcnWRkf, 971, 7
8, 3Tpu1N4EaymmXwyOcnWRkf, 971, 8
9, 3Tpu1N4EaymmXwyOcnWRkf, 802, 9
10, 3Tpu1N4EaymmXwyOcnWRkf, 971, 10
11, 3Tpu1N4EaymmXwyOcnWRkf, 971, 11
12, 3Tpu1N4EaymmXwyOcnWRkf, 946, 12
13, 3Tpu1N4EaymmXwyOcnWRkf, 971, 13
14, 3Tpu1N4EaymmXwyOcnWRkf, 442, 14
15, 3Tpu1N4EaymmXwyOcnWRkf, 656, 15
16, 3Tpu1N4EaymmXwyOcnWRkf, 971, 16
17, 3Tpu1N4EaymmXwyOcnWRkf, 971, 17
18, 3Tpu1N4EaymmXwyOcnWRkf, 507, 18
19, 3Tpu1N4EaymmXwyOcnWRkf, 971, 19
20, 3Tpu1N4EaymmXwyOcnWRkf, 419, 20
21, 3Tpu1N4EaymmXwyOcnWRkf, 918, 21
22, 3Tpu1N4EaymmXwyOcnWRkf, 918, 22
23, 3Tpu1N4EaymmXwyOcnWRkf, 918, 23
24, 3Tpu1N4EaymmXwyOcnWRkf, 919, 24
25, 3Tpu1N4EaymmXwyOcnWRkf, 919, 25
26, 3Tpu1N4EaymmXwyOcnWRkf, 919, 26
27, 3Tpu1N4EaymmXwyOcnWRkf, 919, 27
28, 3Tpu1N4EaymmXwyOcnWRkf, 919, 28
29, 3Tpu1N4EaymmXwyOcnWRkf, 641, 29
30, 3Tpu1N4EaymmXwyOcnWRkf, 919, 30
31, 3Tpu1N4EaymmXwyOcnWRkf, 919, 31
32, 3Tpu1N4EaymmXwyOcnWRkf, 919, 32
33, 3Tpu1N4EaymmXwyOcnWRkf, 919, 33
34, 3Tpu1N4EaymmXwyOcnWRkf, , 34
35, 3Tpu1N4EaymmXwyOcnWRkf, 919, 35
36, 3Tpu1N4EaymmXwyOcnWRkf, 920, 36
37, 3Tpu1N4EaymmXwyOcnWRkf, 920, 37
38, 3Tpu1N4EaymmXwyOcnWRkf, 920, 38
39, 3Tpu1N4EaymmXwyOcnWRkf, 920, 39
40, 3Tpu1N4EaymmXwyOcnWRkf, 920, 40
41, 3Tpu1N4EaymmXwyOcnWRkf, 920, 41
42, 3Tpu1N4EaymmXwyOcnWRkf, 920, 42
43, 3Tpu1N4EaymmXwyOcnWRkf, 920, 43
44, 3Tpu1N4EaymmXwyOcnWRkf, 920, 44
45, 3Tpu1N4EaymmXwyOcnWRkf, 920, 45
46, 3Tpu1N4EaymmXwyOcnWRkf, 921, 46
47, 3Tpu1N4EaymmXwyOcnWRkf, 921, 47
48, 3Tpu1N4EaymmXwyOcnWRkf, 921, 48
49, 3Tpu1N4EaymmXwyOcnWRkf, 921, 49
50, 3Tpu1N4EaymmXwyOcnWRkf, 921, 50
51, 3Tpu1N4EaymmXwyOcnWRkf, 921, 51
52, 3Tpu1N4EaymmXwyOcnWRkf, 921, 52
53, 3Tpu1N4EaymmXwyOcnWRkf, 921, 53
54, 3Tpu1N4EaymmXwyOcnWRkf, 921, 54
55, 3Tpu1N4EaymmXwyOcnWRkf, 921, 55
56, 3Tpu1N4EaymmXwyOcnWRkf, 922, 56
57, 3Tpu1N4EaymmXwyOcnWRkf, 922, 57
58, 3Tpu1N4EaymmXwyOcnWRkf, 922, 58
59, 3Tpu1N4EaymmXwyOcnWRkf, 922, 59
60, 3Tpu1N4EaymmXwyOcnWRkf, 922, 60
61, 3Tpu1N4EaymmXwyOcnWRkf, 922, 61
62, 3Tpu1N4EaymmXwyOcnWRkf, 922, 62
63, 3Tpu1N4EaymmXwyOcnWRkf, 922, 63
64, 3Tpu1N4EaymmXwyOcnWRkf, 922, 64
65, 3Tpu1N4EaymmXwyOcnWRkf, 922, 65
66, 3Tpu1N4EaymmXwyOcnWRkf, 923, 66
67, 3Tpu1N4EaymmXwyOcnWRkf, 923, 67
68, 3Tpu1N4EaymmXwyOcnWRkf, 923, 68
69, 3Tpu1N4EaymmXwyOcnWRkf, 923, 69
70, 3Tpu1N4EaymmXwyOcnWRkf, 923, 70
71, 3Tpu1N4EaymmXwyOcnWRkf, 923, 71
72, 3Tpu1N4EaymmXwyOcnWRkf, 923, 72
73, 3Tpu1N4EaymmXwyOcnWRkf, 923, 73
74, 3Tpu1N4EaymmXwyOcnWRkf, 923, 74
75, 3Tpu1N4EaymmXwyOcnWRkf, 923, 75
76, 3Tpu1N4EaymmXwyOcnWRkf, 924, 76
77, 3Tpu1N4EaymmXwyOcnWRkf, 924, 77
78, 3Tpu1N4EaymmXwyOcnWRkf, 924, 78
79, 3Tpu1N4EaymmXwyOcnWRkf, 924, 79
80, 3Tpu1N4EaymmXwyOcnWRkf, 924, 80
81, 3Tpu1N4EaymmXwyOcnWRkf, 924, 81
82, 3Tpu1N4EaymmXwyOcnWRkf, 924, 82
83, 3Tpu1N4EaymmXwyOcnWRkf, 924, 83
84, 3Tpu1N4EaymmXwyOcnWRkf, 924, 84
85, 3Tpu1N4EaymmXwyOcnWRkf, 924, 85
86, 3Tpu1N4EaymmXwyOcnWRkf, 925, 86
87, 3Tpu1N4EaymmXwyOcnWRkf, 925, 87
88, 3Tpu1N4EaymmXwyOcnWRkf, 972, 88
89, 3Tpu1N4EaymmXwyOcnWRkf, 972, 89
90, 3Tpu1N4EaymmXwyOcnWRkf, 972, 90
91, 3Tpu1N4EaymmXwyOcnWRkf, 630, 91
92, 3Tpu1N4EaymmXwyOcnWRkf, 972, 92
93, 3Tpu1N4EaymmXwyOcnWRkf, 972, 93
94, 3Tpu1N4EaymmXwyOcnWRkf, 972, 94
95, 3Tpu1N4EaymmXwyOcnWRkf, 972, 95
96, 3Tpu1N4EaymmXwyOcnWRkf, 972, 96
97, 3Tpu1N4EaymmXwyOcnWRkf, 75, 97
98, 3Tpu1N4EaymmXwyOcnWRkf, 972, 98
99, 3Tpu1N4EaymmXwyOcnWRkf, 972, 99
100, 3Tpu1N4EaymmXwyOcnWRkf, 973, 100
101, 3Tpu1N4EaymmXwyOcnWRkf, 973, 101
102, 3Tpu1N4EaymmXwyOcnWRkf, 973, 102
103, 3Tpu1N4EaymmXwyOcnWRkf, 925, 103
104, 3Tpu1N4EaymmXwyOcnWRkf, 973, 104
105, 3Tpu1N4EaymmXwyOcnWRkf, 973, 105
106, 3Tpu1N4EaymmXwyOcnWRkf, 973, 106
107, 3Tpu1N4EaymmXwyOcnWRkf, 973, 107
108, 3Tpu1N4EaymmXwyOcnWRkf, 949, 108
109, 3Tpu1N4EaymmXwyOcnWRkf, 973, 109
110, 3Tpu1N4EaymmXwyOcnWRkf, 973, 110
111, 3Tpu1N4EaymmXwyOcnWRkf, 973, 111
112, 3Tpu1N4EaymmXwyOcnWRkf, 974, 112
113, 3Tpu1N4EaymmXwyOcnWRkf, 974, 113
114, 3Tpu1N4EaymmXwyOcnWRkf, 974, 114
115, 3Tpu1N4EaymmXwyOcnWRkf, 974, 115
116, 3Tpu1N4EaymmXwyOcnWRkf, 974, 116
117, 3Tpu1N4EaymmXwyOcnWRkf, 974, 117
118, 3Tpu1N4EaymmXwyOcnWRkf, 974, 118
119, 3Tpu1N4EaymmXwyOcnWRkf, 974, 119
120, 3Tpu1N4EaymmXwyOcnWRkf, 974, 120
121, 3Tpu1N4EaymmXwyOcnWRkf, 974, 121
122, 3Tpu1N4EaymmXwyOcnWRkf, 975, 122
123, 3Tpu1N4EaymmXwyOcnWRkf, 975, 123
124, 3Tpu1N4EaymmXwyOcnWRkf, 975, 124
125, 3Tpu1N4EaymmXwyOcnWRkf, 975, 125
126, 3Tpu1N4EaymmXwyOcnWRkf, 375, 126
127, 3Tpu1N4EaymmXwyOcnWRkf, 975, 127
128, 3Tpu1N4EaymmXwyOcnWRkf, 975, 128
129, 3Tpu1N4EaymmXwyOcnWRkf, 975, 129
130, 3Tpu1N4EaymmXwyOcnWRkf, 975, 130
131, 3Tpu1N4EaymmXwyOcnWRkf, 975, 131
132, 3Tpu1N4EaymmXwyOcnWRkf, 975, 132
133, 3Tpu1N4EaymmXwyOcnWRkf, 951, 133
134, 3Tpu1N4EaymmXwyOcnWRkf, 976, 134
135, 3Tpu1N4EaymmXwyOcnWRkf, 527, 135
136, 3Tpu1N4EaymmXwyOcnWRkf, 976, 136
137, 3Tpu1N4EaymmXwyOcnWRkf, 976, 137
138, 3Tpu1N4EaymmXwyOcnWRkf, 976, 138
139, 3Tpu1N4EaymmXwyOcnWRkf, 976, 139
140, 3Tpu1N4EaymmXwyOcnWRkf, 976, 140
141, 3Tpu1N4EaymmXwyOcnWRkf, 976, 141
142, 3Tpu1N4EaymmXwyOcnWRkf, 976, 142
143, 3Tpu1N4EaymmXwyOcnWRkf, 976, 143
144, 3Tpu1N4EaymmXwyOcnWRkf, 951, 144
145, 3Tpu1N4EaymmXwyOcnWRkf, 976, 145
146, 3Tpu1N4EaymmXwyOcnWRkf, 977, 146
147, 3Tpu1N4EaymmXwyOcnWRkf, 977, 147
0, 1tFItWWH1RkvkCmlHLsdSp, 977, 0
1, 1tFItWWH1RkvkCmlHLsdSp, 970, 1
2, 1tFItWWH1RkvkCmlHLsdSp, 977, 2
3, 1tFItWWH1RkvkCmlHLsdSp, 977, 3
4, 1tFItWWH1RkvkCmlHLsdSp, 384, 4
5, 1tFItWWH1RkvkCmlHLsdSp, 977, 5
6, 1tFItWWH1RkvkCmlHLsdSp, 977, 6
7, 1tFItWWH1RkvkCmlHLsdSp, 977, 7
8, 1tFItWWH1RkvkCmlHLsdSp, 539, 8
9, 1tFItWWH1RkvkCmlHLsdSp, 977, 9
10, 1tFItWWH1RkvkCmlHLsdSp, 977, 10
11, 1tFItWWH1RkvkCmlHLsdSp, 978, 11
12, 1tFItWWH1RkvkCmlHLsdSp, 113, 12
13, 1tFItWWH1RkvkCmlHLsdSp, 620, 13
14, 1tFItWWH1RkvkCmlHLsdSp, 978, 14
15, 1tFItWWH1RkvkCmlHLsdSp, 978, 15
16, 1tFItWWH1RkvkCmlHLsdSp, 570, 16
17, 1tFItWWH1RkvkCmlHLsdSp, 978, 17
18, 1tFItWWH1RkvkCmlHLsdSp, 718, 18
19, 1tFItWWH1RkvkCmlHLsdSp, 978, 19
20, 1tFItWWH1RkvkCmlHLsdSp, 978, 20
21, 1tFItWWH1RkvkCmlHLsdSp, 978, 21
22, 1tFItWWH1RkvkCmlHLsdSp, 970, 22
23, 1tFItWWH1RkvkCmlHLsdSp, 978, 23
24, 1tFItWWH1RkvkCmlHLsdSp, 978, 24
25, 1tFItWWH1RkvkCmlHLsdSp, 978, 25
26, 1tFItWWH1RkvkCmlHLsdSp, 979, 26
27, 1tFItWWH1RkvkCmlHLsdSp, 910, 27
28, 1tFItWWH1RkvkCmlHLsdSp, 979, 28
29, 1tFItWWH1RkvkCmlHLsdSp, 979, 29
30, 1tFItWWH1RkvkCmlHLsdSp, 979, 30
31, 1tFItWWH1RkvkCmlHLsdSp, 979, 31
32, 1tFItWWH1RkvkCmlHLsdSp, 979, 32
33, 1tFItWWH1RkvkCmlHLsdSp, 979, 33
34, 1tFItWWH1RkvkCmlHLsdSp, 979, 34
35, 1tFItWWH1RkvkCmlHLsdSp, 970, 35
36, 1tFItWWH1RkvkCmlHLsdSp, 730, 36
37, 1tFItWWH1RkvkCmlHLsdSp, 979, 37
38, 1tFItWWH1RkvkCmlHLsdSp, 979, 38
39, 1tFItWWH1RkvkCmlHLsdSp, 910, 39
40, 1tFItWWH1RkvkCmlHLsdSp, 980, 40
41, 1tFItWWH1RkvkCmlHLsdSp, 354, 41
42, 1tFItWWH1RkvkCmlHLsdSp, 980, 42
43, 1tFItWWH1RkvkCmlHLsdSp, 980, 43
44, 1tFItWWH1RkvkCmlHLsdSp, 980, 44
45, 1tFItWWH1RkvkCmlHLsdSp, 980, 45
46, 1tFItWWH1RkvkCmlHLsdSp, 980, 46
47, 1tFItWWH1RkvkCmlHLsdSp, 980, 47
48, 1tFItWWH1RkvkCmlHLsdSp, 980, 48
49, 1tFItWWH1RkvkCmlHLsdSp, 980, 49
50, 1tFItWWH1RkvkCmlHLsdSp, 980, 50
51, 1tFItWWH1RkvkCmlHLsdSp, 981, 51
52, 1tFItWWH1RkvkCmlHLsdSp, 981, 52
53, 1tFItWWH1RkvkCmlHLsdSp, 980, 53
54, 1tFItWWH1RkvkCmlHLsdSp, 46, 54
55, 1tFItWWH1RkvkCmlHLsdSp, 981, 55
56, 1tFItWWH1RkvkCmlHLsdSp, 920, 56
57, 1tFItWWH1RkvkCmlHLsdSp, 981, 57
58, 1tFItWWH1RkvkCmlHLsdSp, 981, 58
59, 1tFItWWH1RkvkCmlHLsdSp, 981, 59
60, 1tFItWWH1RkvkCmlHLsdSp, 981, 60
61, 1tFItWWH1RkvkCmlHLsdSp, 981, 61
62, 1tFItWWH1RkvkCmlHLsdSp, 981, 62
63, 1tFItWWH1RkvkCmlHLsdSp, 982, 63
64, 1tFItWWH1RkvkCmlHLsdSp, 982, 64
65, 1tFItWWH1RkvkCmlHLsdSp, 483, 65
66, 1tFItWWH1RkvkCmlHLsdSp, 246, 66
67, 1tFItWWH1RkvkCmlHLsdSp, 982, 67
68, 1tFItWWH1RkvkCmlHLsdSp, 982, 68
69, 1tFItWWH1RkvkCmlHLsdSp, 961, 69
70, 1tFItWWH1RkvkCmlHLsdSp, 982, 70
71, 1tFItWWH1RkvkCmlHLsdSp, 982, 71
72, 1tFItWWH1RkvkCmlHLsdSp, 982, 72
73, 1tFItWWH1RkvkCmlHLsdSp, 982, 73
74, 1tFItWWH1RkvkCmlHLsdSp, 982, 74
75, 1tFItWWH1RkvkCmlHLsdSp, 982, 75
76, 1tFItWWH1RkvkCmlHLsdSp, 983, 76
77, 1tFItWWH1RkvkCmlHLsdSp, 983, 77
78, 1tFItWWH1RkvkCmlHLsdSp, 983, 78
79, 1tFItWWH1RkvkCmlHLsdSp, 983, 79
80, 1tFItWWH1RkvkCmlHLsdSp, 983, 80
81, 1tFItWWH1RkvkCmlHLsdSp, 983, 81
82, 1tFItWWH1RkvkCmlHLsdSp, 983, 82
83, 1tFItWWH1RkvkCmlHLsdSp, 983, 83
84, 1tFItWWH1RkvkCmlHLsdSp, 983, 84
85, 1tFItWWH1RkvkCmlHLsdSp, 983, 85
86, 1tFItWWH1RkvkCmlHLsdSp, 984, 86
87, 1tFItWWH1RkvkCmlHLsdSp, 984, 87
88, 1tFItWWH1RkvkCmlHLsdSp, 984, 88
89, 1tFItWWH1RkvkCmlHLsdSp, 984, 89
90, 1tFItWWH1RkvkCmlHLsdSp, 984, 90
91, 1tFItWWH1RkvkCmlHLsdSp, 984, 91
92, 1tFItWWH1RkvkCmlHLsdSp, 984, 92
93, 1tFItWWH1RkvkCmlHLsdSp, 984, 93
94, 1tFItWWH1RkvkCmlHLsdSp, 984, 94
95, 1tFItWWH1RkvkCmlHLsdSp, 984, 95
96, 1tFItWWH1RkvkCmlHLsdSp, 985, 96
97, 1tFItWWH1RkvkCmlHLsdSp, 985, 97
98, 1tFItWWH1RkvkCmlHLsdSp, 985, 98
99, 1tFItWWH1RkvkCmlHLsdSp, 985, 99
100, 1tFItWWH1RkvkCmlHLsdSp, 985, 100
101, 1tFItWWH1RkvkCmlHLsdSp, 985, 101
102, 1tFItWWH1RkvkCmlHLsdSp, 985, 102
103, 1tFItWWH1RkvkCmlHLsdSp, 985, 103
104, 1tFItWWH1RkvkCmlHLsdSp, 985, 104
105, 1tFItWWH1RkvkCmlHLsdSp, 985, 105
106, 1tFItWWH1RkvkCmlHLsdSp, 986, 106
107, 1tFItWWH1RkvkCmlHLsdSp, 986, 107
108, 1tFItWWH1RkvkCmlHLsdSp, 986, 108
109, 1tFItWWH1RkvkCmlHLsdSp, 986, 109
110, 1tFItWWH1RkvkCmlHLsdSp, 986, 110
111, 1tFItWWH1RkvkCmlHLsdSp, 986, 111
112, 1tFItWWH1RkvkCmlHLsdSp, 986, 112
113, 1tFItWWH1RkvkCmlHLsdSp, 986, 113
114, 1tFItWWH1RkvkCmlHLsdSp, 986, 114
115, 1tFItWWH1RkvkCmlHLsdSp, 986, 115
116, 1tFItWWH1RkvkCmlHLsdSp, 987, 116
117, 1tFItWWH1RkvkCmlHLsdSp, 987, 117
118, 1tFItWWH1RkvkCmlHLsdSp, 987, 118
119, 1tFItWWH1RkvkCmlHLsdSp, 987, 119
120, 1tFItWWH1RkvkCmlHLsdSp, 987, 120
121, 1tFItWWH1RkvkCmlHLsdSp, 987, 121
122, 1tFItWWH1RkvkCmlHLsdSp, 987, 122
123, 1tFItWWH1RkvkCmlHLsdSp, 987, 123
124, 1tFItWWH1RkvkCmlHLsdSp, 987, 124
125, 1tFItWWH1RkvkCmlHLsdSp, 987, 125
126, 1tFItWWH1RkvkCmlHLsdSp, 988, 126
127, 1tFItWWH1RkvkCmlHLsdSp, 988, 127
128, 1tFItWWH1RkvkCmlHLsdSp, 988, 128
129, 1tFItWWH1RkvkCmlHLsdSp, 988, 129
130, 1tFItWWH1RkvkCmlHLsdSp, 988, 130
131, 1tFItWWH1RkvkCmlHLsdSp, 988, 131
132, 1tFItWWH1RkvkCmlHLsdSp, 988, 132
133, 1tFItWWH1RkvkCmlHLsdSp, 988, 133
134, 1tFItWWH1RkvkCmlHLsdSp, 988, 134
135, 1tFItWWH1RkvkCmlHLsdSp, 988, 135
136, 1tFItWWH1RkvkCmlHLsdSp, 989, 136
137, 1tFItWWH1RkvkCmlHLsdSp, 989, 137
138, 1tFItWWH1RkvkCmlHLsdSp, 989, 138
139, 1tFItWWH1RkvkCmlHLsdSp, 989, 139
140, 1tFItWWH1RkvkCmlHLsdSp, 989, 140
141, 1tFItWWH1RkvkCmlHLsdSp, 989, 141
142, 1tFItWWH1RkvkCmlHLsdSp, 989, 142
143, 1tFItWWH1RkvkCmlHLsdSp, 989, 143
144, 1tFItWWH1RkvkCmlHLsdSp, 989, 144
145, 1tFItWWH1RkvkCmlHLsdSp, 989, 145
146, 1tFItWWH1RkvkCmlHLsdSp, 990, 146
147, 1tFItWWH1RkvkCmlHLsdSp, 990, 147
148, 1tFItWWH1RkvkCmlHLsdSp, 990, 148
149, 1tFItWWH1RkvkCmlHLsdSp, 990, 149
150, 1tFItWWH1RkvkCmlHLsdSp, 990, 150
151, 1tFItWWH1RkvkCmlHLsdSp, 990, 151
152, 1tFItWWH1RkvkCmlHLsdSp, 990, 152
153, 1tFItWWH1RkvkCmlHLsdSp, 990, 153
154, 1tFItWWH1RkvkCmlHLsdSp, 990, 154
155, 1tFItWWH1RkvkCmlHLsdSp, 990, 155
156, 1tFItWWH1RkvkCmlHLsdSp, 991, 156
157, 1tFItWWH1RkvkCmlHLsdSp, 991, 157
158, 1tFItWWH1RkvkCmlHLsdSp, 991, 158
159, 1tFItWWH1RkvkCmlHLsdSp, 991, 159
160, 1tFItWWH1RkvkCmlHLsdSp, 991, 160
161, 1tFItWWH1RkvkCmlHLsdSp, 991, 161
162, 1tFItWWH1RkvkCmlHLsdSp, 991, 162
163, 1tFItWWH1RkvkCmlHLsdSp, 991, 163
164, 1tFItWWH1RkvkCmlHLsdSp, 991, 164
165, 1tFItWWH1RkvkCmlHLsdSp, 991, 165
166, 1tFItWWH1RkvkCmlHLsdSp, 992, 166
167, 1tFItWWH1RkvkCmlHLsdSp, 992, 167
168, 1tFItWWH1RkvkCmlHLsdSp, 992, 168
169, 1tFItWWH1RkvkCmlHLsdSp, 992, 169
170, 1tFItWWH1RkvkCmlHLsdSp, 992, 170
171, 1tFItWWH1RkvkCmlHLsdSp, 992, 171
172, 1tFItWWH1RkvkCmlHLsdSp, 992, 172
173, 1tFItWWH1RkvkCmlHLsdSp, 992, 173
174, 1tFItWWH1RkvkCmlHLsdSp, 992, 174
175, 1tFItWWH1RkvkCmlHLsdSp, 992, 175
176, 1tFItWWH1RkvkCmlHLsdSp, 993, 176
177, 1tFItWWH1RkvkCmlHLsdSp, 993, 177
178, 1tFItWWH1RkvkCmlHLsdSp, 993, 178
179, 1tFItWWH1RkvkCmlHLsdSp, 993, 179
180, 1tFItWWH1RkvkCmlHLsdSp, 993, 180
181, 1tFItWWH1RkvkCmlHLsdSp, 993, 181
182, 1tFItWWH1RkvkCmlHLsdSp, 993, 182
183, 1tFItWWH1RkvkCmlHLsdSp, 993, 183
184, 1tFItWWH1RkvkCmlHLsdSp, 993, 184
185, 1tFItWWH1RkvkCmlHLsdSp, 993, 185
186, 1tFItWWH1RkvkCmlHLsdSp, 994, 186
187, 1tFItWWH1RkvkCmlHLsdSp, 994, 187
188, 1tFItWWH1RkvkCmlHLsdSp, 994, 188
189, 1tFItWWH1RkvkCmlHLsdSp, 994, 189
190, 1tFItWWH1RkvkCmlHLsdSp, 994, 190
191, 1tFItWWH1RkvkCmlHLsdSp, 994, 191
192, 1tFItWWH1RkvkCmlHLsdSp, 994, 192
193, 1tFItWWH1RkvkCmlHLsdSp, 994, 193
194, 1tFItWWH1RkvkCmlHLsdSp, 994, 194
195, 1tFItWWH1RkvkCmlHLsdSp, 994, 195
196, 1tFItWWH1RkvkCmlHLsdSp, 995, 196
197, 1tFItWWH1RkvkCmlHLsdSp, 995, 197
198, 1tFItWWH1RkvkCmlHLsdSp, 995, 198
199, 1tFItWWH1RkvkCmlHLsdSp, 995, 199
200, 1tFItWWH1RkvkCmlHLsdSp, 995, 200
201, 1tFItWWH1RkvkCmlHLsdSp, 995, 201
202, 1tFItWWH1RkvkCmlHLsdSp, 995, 202
203, 1tFItWWH1RkvkCmlHLsdSp, 995, 203
204, 1tFItWWH1RkvkCmlHLsdSp, 995, 204
205, 1tFItWWH1RkvkCmlHLsdSp, 995, 205
206, 1tFItWWH1RkvkCmlHLsdSp, 996, 206
207, 1tFItWWH1RkvkCmlHLsdSp, 996, 207
208, 1tFItWWH1RkvkCmlHLsdSp, 996, 208
209, 1tFItWWH1RkvkCmlHLsdSp, 996, 209
210, 1tFItWWH1RkvkCmlHLsdSp, 996, 210
211, 1tFItWWH1RkvkCmlHLsdSp, 996, 211
212, 1tFItWWH1RkvkCmlHLsdSp, 996, 212
213, 1tFItWWH1RkvkCmlHLsdSp, 996, 213
214, 1tFItWWH1RkvkCmlHLsdSp, 996, 214
215, 1tFItWWH1RkvkCmlHLsdSp, 996, 215
216, 1tFItWWH1RkvkCmlHLsdSp, 997, 216
217, 1tFItWWH1RkvkCmlHLsdSp, 997, 217
218, 1tFItWWH1RkvkCmlHLsdSp, 997, 218
219, 1tFItWWH1RkvkCmlHLsdSp, 997, 219
220, 1tFItWWH1RkvkCmlHLsdSp, 997, 220
221, 1tFItWWH1RkvkCmlHLsdSp, 997, 221
0, 5jXYK2VtAIoGlRrBs9L7sh, 629, 0
1, 5jXYK2VtAIoGlRrBs9L7sh, 391, 1
2, 5jXYK2VtAIoGlRrBs9L7sh, 729, 2
3, 5jXYK2VtAIoGlRrBs9L7sh, 997, 3
4, 5jXYK2VtAIoGlRrBs9L7sh, 997, 4
5, 5jXYK2VtAIoGlRrBs9L7sh, 997, 5
6, 5jXYK2VtAIoGlRrBs9L7sh, 629, 6
7, 5jXYK2VtAIoGlRrBs9L7sh, 219, 7
8, 5jXYK2VtAIoGlRrBs9L7sh, 50, 8
9, 5jXYK2VtAIoGlRrBs9L7sh, 449, 9
10, 5jXYK2VtAIoGlRrBs9L7sh, 364, 10
11, 5jXYK2VtAIoGlRrBs9L7sh, 719, 11
12, 5jXYK2VtAIoGlRrBs9L7sh, 563, 12
13, 5jXYK2VtAIoGlRrBs9L7sh, 997, 13
14, 5jXYK2VtAIoGlRrBs9L7sh, 998, 14
0, 7oWaWbw1OICBVEwCqWflDU, 828, 0
1, 7oWaWbw1OICBVEwCqWflDU, 198, 1
2, 7oWaWbw1OICBVEwCqWflDU, 816, 2
3, 7oWaWbw1OICBVEwCqWflDU, 828, 3
4, 7oWaWbw1OICBVEwCqWflDU, 828, 4
5, 7oWaWbw1OICBVEwCqWflDU, 828, 5
6, 7oWaWbw1OICBVEwCqWflDU, 829, 6
7, 7oWaWbw1OICBVEwCqWflDU, 829, 7
8, 7oWaWbw1OICBVEwCqWflDU, 829, 8
9, 7oWaWbw1OICBVEwCqWflDU, 829, 9
10, 7oWaWbw1OICBVEwCqWflDU, 829, 10
11, 7oWaWbw1OICBVEwCqWflDU, 829, 11
12, 7oWaWbw1OICBVEwCqWflDU, 61, 12
13, 7oWaWbw1OICBVEwCqWflDU, 285, 13
14, 7oWaWbw1OICBVEwCqWflDU, 829, 14
15, 7oWaWbw1OICBVEwCqWflDU, 829, 15
16, 7oWaWbw1OICBVEwCqWflDU, 829, 16
17, 7oWaWbw1OICBVEwCqWflDU, 829, 17
18, 7oWaWbw1OICBVEwCqWflDU, 830, 18
19, 7oWaWbw1OICBVEwCqWflDU, 355, 19
20, 7oWaWbw1OICBVEwCqWflDU, 319, 20
21, 7oWaWbw1OICBVEwCqWflDU, 801, 21
22, 7oWaWbw1OICBVEwCqWflDU, 793, 22
23, 7oWaWbw1OICBVEwCqWflDU, 830, 23
24, 7oWaWbw1OICBVEwCqWflDU, 830, 24
25, 7oWaWbw1OICBVEwCqWflDU, 88, 25
26, 7oWaWbw1OICBVEwCqWflDU, 101, 26
27, 7oWaWbw1OICBVEwCqWflDU, 71, 27
28, 7oWaWbw1OICBVEwCqWflDU, 830, 28
29, 7oWaWbw1OICBVEwCqWflDU, 830, 29
30, 7oWaWbw1OICBVEwCqWflDU, 830, 30
31, 7oWaWbw1OICBVEwCqWflDU, 830, 31
32, 7oWaWbw1OICBVEwCqWflDU, 830, 32
33, 7oWaWbw1OICBVEwCqWflDU, 830, 33
34, 7oWaWbw1OICBVEwCqWflDU, 830, 34
35, 7oWaWbw1OICBVEwCqWflDU, 831, 35
36, 7oWaWbw1OICBVEwCqWflDU, 831, 36
37, 7oWaWbw1OICBVEwCqWflDU, 589, 37
38, 7oWaWbw1OICBVEwCqWflDU, 831, 38
39, 7oWaWbw1OICBVEwCqWflDU, 831, 39
40, 7oWaWbw1OICBVEwCqWflDU, 831, 40
41, 7oWaWbw1OICBVEwCqWflDU, 549, 41
42, 7oWaWbw1OICBVEwCqWflDU, 831, 42
43, 7oWaWbw1OICBVEwCqWflDU, 801, 43
44, 7oWaWbw1OICBVEwCqWflDU, 831, 44
45, 7oWaWbw1OICBVEwCqWflDU, 831, 45
46, 7oWaWbw1OICBVEwCqWflDU, 831, 46
47, 7oWaWbw1OICBVEwCqWflDU, 831, 47
48, 7oWaWbw1OICBVEwCqWflDU, 832, 48
49, 7oWaWbw1OICBVEwCqWflDU, 832, 49
50, 7oWaWbw1OICBVEwCqWflDU, 832, 50
51, 7oWaWbw1OICBVEwCqWflDU, 832, 51
52, 7oWaWbw1OICBVEwCqWflDU, 440, 52
53, 7oWaWbw1OICBVEwCqWflDU, 832, 53
54, 7oWaWbw1OICBVEwCqWflDU, 832, 54
55, 7oWaWbw1OICBVEwCqWflDU, 832, 55
56, 7oWaWbw1OICBVEwCqWflDU, 832, 56
57, 7oWaWbw1OICBVEwCqWflDU, 204, 57
58, 7oWaWbw1OICBVEwCqWflDU, 832, 58
59, 7oWaWbw1OICBVEwCqWflDU, 832, 59
60, 7oWaWbw1OICBVEwCqWflDU, 833, 60
61, 7oWaWbw1OICBVEwCqWflDU, 833, 61
62, 7oWaWbw1OICBVEwCqWflDU, 833, 62
63, 7oWaWbw1OICBVEwCqWflDU, 833, 63
64, 7oWaWbw1OICBVEwCqWflDU, 64, 64
65, 7oWaWbw1OICBVEwCqWflDU, 270, 65
66, 7oWaWbw1OICBVEwCqWflDU, 833, 66
67, 7oWaWbw1OICBVEwCqWflDU, 833, 67
68, 7oWaWbw1OICBVEwCqWflDU, 833, 68
69, 7oWaWbw1OICBVEwCqWflDU, 998, 69
70, 7oWaWbw1OICBVEwCqWflDU, 998, 70
71, 7oWaWbw1OICBVEwCqWflDU, 998, 71
72, 7oWaWbw1OICBVEwCqWflDU, 998, 72
73, 7oWaWbw1OICBVEwCqWflDU, 998, 73
0, 6WwlJbIRfHY039jB4CnM5s, 998, 0
1, 6WwlJbIRfHY039jB4CnM5s, 998, 1
2, 6WwlJbIRfHY039jB4CnM5s, 998, 2
3, 6WwlJbIRfHY039jB4CnM5s, 998, 3
4, 6WwlJbIRfHY039jB4CnM5s, 999, 4
5, 6WwlJbIRfHY039jB4CnM5s, 999, 5
6, 6WwlJbIRfHY039jB4CnM5s, 999, 6
7, 6WwlJbIRfHY039jB4CnM5s, 999, 7
8, 6WwlJbIRfHY039jB4CnM5s, 999, 8
9, 6WwlJbIRfHY039jB4CnM5s, 999, 9
10, 6WwlJbIRfHY039jB4CnM5s, 999, 10
11, 6WwlJbIRfHY039jB4CnM5s, 999, 11
12, 6WwlJbIRfHY039jB4CnM5s, 999, 12
13, 6WwlJbIRfHY039jB4CnM5s, 999, 13
14, 6WwlJbIRfHY039jB4CnM5s, 1000, 14
15, 6WwlJbIRfHY039jB4CnM5s, 1000, 15
16, 6WwlJbIRfHY039jB4CnM5s, 1000, 16
17, 6WwlJbIRfHY039jB4CnM5s, 1000, 17
18, 6WwlJbIRfHY039jB4CnM5s, 1000, 18
19, 6WwlJbIRfHY039jB4CnM5s, 1000, 19
20, 6WwlJbIRfHY039jB4CnM5s, 1000, 20
21, 6WwlJbIRfHY039jB4CnM5s, 1000, 21
22, 6WwlJbIRfHY039jB4CnM5s, 1000, 22
23, 6WwlJbIRfHY039jB4CnM5s, 1000, 23
24, 6WwlJbIRfHY039jB4CnM5s, 1001, 24
25, 6WwlJbIRfHY039jB4CnM5s, 1001, 25
26, 6WwlJbIRfHY039jB4CnM5s, 1001, 26
27, 6WwlJbIRfHY039jB4CnM5s, 1001, 27
28, 6WwlJbIRfHY039jB4CnM5s, 1001, 28
29, 6WwlJbIRfHY039jB4CnM5s, 1001, 29
30, 6WwlJbIRfHY039jB4CnM5s, 1001, 30
31, 6WwlJbIRfHY039jB4CnM5s, 1001, 31
32, 6WwlJbIRfHY039jB4CnM5s, 1001, 32
33, 6WwlJbIRfHY039jB4CnM5s, 1001, 33
34, 6WwlJbIRfHY039jB4CnM5s, 1002, 34
35, 6WwlJbIRfHY039jB4CnM5s, 1002, 35
36, 6WwlJbIRfHY039jB4CnM5s, 1002, 36
37, 6WwlJbIRfHY039jB4CnM5s, 1002, 37
38, 6WwlJbIRfHY039jB4CnM5s, 1002, 38
39, 6WwlJbIRfHY039jB4CnM5s, 1002, 39
40, 6WwlJbIRfHY039jB4CnM5s, 1002, 40
41, 6WwlJbIRfHY039jB4CnM5s, 1002, 41
42, 6WwlJbIRfHY039jB4CnM5s, 1002, 42
43, 6WwlJbIRfHY039jB4CnM5s, 1002, 43
44, 6WwlJbIRfHY039jB4CnM5s, 1003, 44
45, 6WwlJbIRfHY039jB4CnM5s, 1003, 45
46, 6WwlJbIRfHY039jB4CnM5s, 1003, 46
47, 6WwlJbIRfHY039jB4CnM5s, 1003, 47
48, 6WwlJbIRfHY039jB4CnM5s, 1003, 48
49, 6WwlJbIRfHY039jB4CnM5s, 1003, 49
50, 6WwlJbIRfHY039jB4CnM5s, 1003, 50
51, 6WwlJbIRfHY039jB4CnM5s, 1003, 51
52, 6WwlJbIRfHY039jB4CnM5s, 1003, 52
53, 6WwlJbIRfHY039jB4CnM5s, 1003, 53
54, 6WwlJbIRfHY039jB4CnM5s, 1004, 54
55, 6WwlJbIRfHY039jB4CnM5s, 1004, 55
56, 6WwlJbIRfHY039jB4CnM5s, 1004, 56
57, 6WwlJbIRfHY039jB4CnM5s, 1004, 57
58, 6WwlJbIRfHY039jB4CnM5s, 1004, 58
59, 6WwlJbIRfHY039jB4CnM5s, 1004, 59
60, 6WwlJbIRfHY039jB4CnM5s, 1004, 60
61, 6WwlJbIRfHY039jB4CnM5s, 1004, 61
62, 6WwlJbIRfHY039jB4CnM5s, 1004, 62
63, 6WwlJbIRfHY039jB4CnM5s, 1004, 63
64, 6WwlJbIRfHY039jB4CnM5s, 1005, 64
65, 6WwlJbIRfHY039jB4CnM5s, 1005, 65
66, 6WwlJbIRfHY039jB4CnM5s, 1005, 66
67, 6WwlJbIRfHY039jB4CnM5s, 1005, 67
68, 6WwlJbIRfHY039jB4CnM5s, 1005, 68
69, 6WwlJbIRfHY039jB4CnM5s, 1005, 69
70, 6WwlJbIRfHY039jB4CnM5s, 1005, 70
71, 6WwlJbIRfHY039jB4CnM5s, 1005, 71
72, 6WwlJbIRfHY039jB4CnM5s, 1005, 72
73, 6WwlJbIRfHY039jB4CnM5s, 1005, 73
74, 6WwlJbIRfHY039jB4CnM5s, 1006, 74
75, 6WwlJbIRfHY039jB4CnM5s, 1006, 75
76, 6WwlJbIRfHY039jB4CnM5s, 1006, 76
77, 6WwlJbIRfHY039jB4CnM5s, 1006, 77
78, 6WwlJbIRfHY039jB4CnM5s, 1006, 78
79, 6WwlJbIRfHY039jB4CnM5s, 1006, 79
80, 6WwlJbIRfHY039jB4CnM5s, 1006, 80
81, 6WwlJbIRfHY039jB4CnM5s, 1006, 81
82, 6WwlJbIRfHY039jB4CnM5s, 1006, 82
83, 6WwlJbIRfHY039jB4CnM5s, 1006, 83
84, 6WwlJbIRfHY039jB4CnM5s, 1007, 84
85, 6WwlJbIRfHY039jB4CnM5s, 1007, 85
86, 6WwlJbIRfHY039jB4CnM5s, 1007, 86
87, 6WwlJbIRfHY039jB4CnM5s, 1007, 87
88, 6WwlJbIRfHY039jB4CnM5s, 1007, 88
89, 6WwlJbIRfHY039jB4CnM5s, 1007, 89
90, 6WwlJbIRfHY039jB4CnM5s, 1007, 90
91, 6WwlJbIRfHY039jB4CnM5s, 1007, 91
92, 6WwlJbIRfHY039jB4CnM5s, 1007, 92
93, 6WwlJbIRfHY039jB4CnM5s, 1007, 93
94, 6WwlJbIRfHY039jB4CnM5s, 1008, 94
95, 6WwlJbIRfHY039jB4CnM5s, 1008, 95
96, 6WwlJbIRfHY039jB4CnM5s, 1008, 96
97, 6WwlJbIRfHY039jB4CnM5s, 1008, 97
98, 6WwlJbIRfHY039jB4CnM5s, 1008, 98
99, 6WwlJbIRfHY039jB4CnM5s, 1008, 99
0, 39pPZxhKAmeSeWNiiis1bp, 833, 0
1, 39pPZxhKAmeSeWNiiis1bp, 357, 1
2, 39pPZxhKAmeSeWNiiis1bp, 833, 2
3, 39pPZxhKAmeSeWNiiis1bp, 833, 3
4, 39pPZxhKAmeSeWNiiis1bp, 834, 4
5, 39pPZxhKAmeSeWNiiis1bp, 834, 5
0, 0p2g3fdwohoJqKufNICamU, 925, 0
1, 0p2g3fdwohoJqKufNICamU, 26, 1
2, 0p2g3fdwohoJqKufNICamU, 127, 2
3, 0p2g3fdwohoJqKufNICamU, 493, 3
4, 0p2g3fdwohoJqKufNICamU, 925, 4
5, 0p2g3fdwohoJqKufNICamU, 285, 5
6, 0p2g3fdwohoJqKufNICamU, 925, 6
7, 0p2g3fdwohoJqKufNICamU, 32, 7
8, 0p2g3fdwohoJqKufNICamU, 925, 8
9, 0p2g3fdwohoJqKufNICamU, 925, 9
10, 0p2g3fdwohoJqKufNICamU, 505, 10
11, 0p2g3fdwohoJqKufNICamU, 925, 11
12, 0p2g3fdwohoJqKufNICamU, 925, 12
0, 5BtEMeBW4PhfcjQqfrZ0ke, 834, 0
1, 5BtEMeBW4PhfcjQqfrZ0ke, 834, 1
2, 5BtEMeBW4PhfcjQqfrZ0ke, 834, 2
3, 5BtEMeBW4PhfcjQqfrZ0ke, 834, 3
4, 5BtEMeBW4PhfcjQqfrZ0ke, 834, 4
5, 5BtEMeBW4PhfcjQqfrZ0ke, 515, 5
6, 5BtEMeBW4PhfcjQqfrZ0ke, 834, 6
7, 5BtEMeBW4PhfcjQqfrZ0ke, 834, 7
8, 5BtEMeBW4PhfcjQqfrZ0ke, 834, 8
9, 5BtEMeBW4PhfcjQqfrZ0ke, 835, 9
10, 5BtEMeBW4PhfcjQqfrZ0ke, 835, 10
11, 5BtEMeBW4PhfcjQqfrZ0ke, 835, 11
12, 5BtEMeBW4PhfcjQqfrZ0ke, 835, 12
13, 5BtEMeBW4PhfcjQqfrZ0ke, 835, 13
14, 5BtEMeBW4PhfcjQqfrZ0ke, 835, 14
15, 5BtEMeBW4PhfcjQqfrZ0ke, 835, 15
16, 5BtEMeBW4PhfcjQqfrZ0ke, 296, 16
17, 5BtEMeBW4PhfcjQqfrZ0ke, 835, 17
18, 5BtEMeBW4PhfcjQqfrZ0ke, 571, 18
19, 5BtEMeBW4PhfcjQqfrZ0ke, 835, 19
20, 5BtEMeBW4PhfcjQqfrZ0ke, 835, 20
21, 5BtEMeBW4PhfcjQqfrZ0ke, 836, 21
22, 5BtEMeBW4PhfcjQqfrZ0ke, 836, 22
23, 5BtEMeBW4PhfcjQqfrZ0ke, 836, 23
24, 5BtEMeBW4PhfcjQqfrZ0ke, 256, 24
25, 5BtEMeBW4PhfcjQqfrZ0ke, 836, 25
26, 5BtEMeBW4PhfcjQqfrZ0ke, 301, 26
27, 5BtEMeBW4PhfcjQqfrZ0ke, 313, 27
28, 5BtEMeBW4PhfcjQqfrZ0ke, 836, 28
29, 5BtEMeBW4PhfcjQqfrZ0ke, 491, 29
30, 5BtEMeBW4PhfcjQqfrZ0ke, 836, 30
31, 5BtEMeBW4PhfcjQqfrZ0ke, 836, 31
32, 5BtEMeBW4PhfcjQqfrZ0ke, 836, 32
33, 5BtEMeBW4PhfcjQqfrZ0ke, 836, 33
34, 5BtEMeBW4PhfcjQqfrZ0ke, 836, 34
35, 5BtEMeBW4PhfcjQqfrZ0ke, 837, 35
36, 5BtEMeBW4PhfcjQqfrZ0ke, 837, 36
37, 5BtEMeBW4PhfcjQqfrZ0ke, 837, 37
38, 5BtEMeBW4PhfcjQqfrZ0ke, 68, 38
39, 5BtEMeBW4PhfcjQqfrZ0ke, 535, 39
40, 5BtEMeBW4PhfcjQqfrZ0ke, 837, 40
41, 5BtEMeBW4PhfcjQqfrZ0ke, 837, 41
42, 5BtEMeBW4PhfcjQqfrZ0ke, 837, 42
43, 5BtEMeBW4PhfcjQqfrZ0ke, 1008, 43
44, 5BtEMeBW4PhfcjQqfrZ0ke, 1008, 44
45, 5BtEMeBW4PhfcjQqfrZ0ke, 1008, 45
46, 5BtEMeBW4PhfcjQqfrZ0ke, 1008, 46
47, 5BtEMeBW4PhfcjQqfrZ0ke, 837, 47
48, 5BtEMeBW4PhfcjQqfrZ0ke, 1009, 48
49, 5BtEMeBW4PhfcjQqfrZ0ke, 822, 49
50, 5BtEMeBW4PhfcjQqfrZ0ke, 837, 50
51, 5BtEMeBW4PhfcjQqfrZ0ke, 1009, 51
52, 5BtEMeBW4PhfcjQqfrZ0ke, 837, 52
53, 5BtEMeBW4PhfcjQqfrZ0ke, 1009, 53
54, 5BtEMeBW4PhfcjQqfrZ0ke, 1009, 54
55, 5BtEMeBW4PhfcjQqfrZ0ke, 1009, 55
56, 5BtEMeBW4PhfcjQqfrZ0ke, 1009, 56
57, 5BtEMeBW4PhfcjQqfrZ0ke, 524, 57
58, 5BtEMeBW4PhfcjQqfrZ0ke, 1009, 58
0, 16pZhPI0hRi3Ndzaskvav7, 837, 0
1, 16pZhPI0hRi3Ndzaskvav7, 838, 1
2, 16pZhPI0hRi3Ndzaskvav7, 838, 2
3, 16pZhPI0hRi3Ndzaskvav7, 838, 3
4, 16pZhPI0hRi3Ndzaskvav7, 838, 4
5, 16pZhPI0hRi3Ndzaskvav7, 821, 5
6, 16pZhPI0hRi3Ndzaskvav7, 838, 6
7, 16pZhPI0hRi3Ndzaskvav7, 838, 7
8, 16pZhPI0hRi3Ndzaskvav7, 838, 8
9, 16pZhPI0hRi3Ndzaskvav7, 838, 9
10, 16pZhPI0hRi3Ndzaskvav7, 838, 10
11, 16pZhPI0hRi3Ndzaskvav7, 838, 11
12, 16pZhPI0hRi3Ndzaskvav7, 585, 12
13, 16pZhPI0hRi3Ndzaskvav7, 839, 13
14, 16pZhPI0hRi3Ndzaskvav7, 839, 14
15, 16pZhPI0hRi3Ndzaskvav7, 839, 15
16, 16pZhPI0hRi3Ndzaskvav7, 839, 16
17, 16pZhPI0hRi3Ndzaskvav7, 839, 17
18, 16pZhPI0hRi3Ndzaskvav7, 839, 18
19, 16pZhPI0hRi3Ndzaskvav7, 839, 19
20, 16pZhPI0hRi3Ndzaskvav7, 839, 20
21, 16pZhPI0hRi3Ndzaskvav7, 830, 21
22, 16pZhPI0hRi3Ndzaskvav7, 388, 22
23, 16pZhPI0hRi3Ndzaskvav7, 839, 23
24, 16pZhPI0hRi3Ndzaskvav7, 839, 24
25, 16pZhPI0hRi3Ndzaskvav7, 840, 25
26, 16pZhPI0hRi3Ndzaskvav7, 766, 26
27, 16pZhPI0hRi3Ndzaskvav7, 840, 27
28, 16pZhPI0hRi3Ndzaskvav7, 840, 28
29, 16pZhPI0hRi3Ndzaskvav7, 840, 29
30, 16pZhPI0hRi3Ndzaskvav7, 840, 30
31, 16pZhPI0hRi3Ndzaskvav7, 840, 31
32, 16pZhPI0hRi3Ndzaskvav7, 840, 32
33, 16pZhPI0hRi3Ndzaskvav7, 840, 33
34, 16pZhPI0hRi3Ndzaskvav7, 840, 34
35, 16pZhPI0hRi3Ndzaskvav7, 840, 35
36, 16pZhPI0hRi3Ndzaskvav7, 841, 36
37, 16pZhPI0hRi3Ndzaskvav7, 841, 37
38, 16pZhPI0hRi3Ndzaskvav7, 841, 38
39, 16pZhPI0hRi3Ndzaskvav7, 841, 39
40, 16pZhPI0hRi3Ndzaskvav7, 841, 40
41, 16pZhPI0hRi3Ndzaskvav7, 349, 41
42, 16pZhPI0hRi3Ndzaskvav7, 261, 42
43, 16pZhPI0hRi3Ndzaskvav7, 841, 43
44, 16pZhPI0hRi3Ndzaskvav7, 841, 44
45, 16pZhPI0hRi3Ndzaskvav7, 841, 45
46, 16pZhPI0hRi3Ndzaskvav7, 841, 46
47, 16pZhPI0hRi3Ndzaskvav7, 841, 47
48, 16pZhPI0hRi3Ndzaskvav7, 842, 48
49, 16pZhPI0hRi3Ndzaskvav7, 842, 49
50, 16pZhPI0hRi3Ndzaskvav7, 842, 50
51, 16pZhPI0hRi3Ndzaskvav7, 842, 51
52, 16pZhPI0hRi3Ndzaskvav7, 842, 52
53, 16pZhPI0hRi3Ndzaskvav7, 842, 53
54, 16pZhPI0hRi3Ndzaskvav7, 842, 54
55, 16pZhPI0hRi3Ndzaskvav7, 842, 55
56, 16pZhPI0hRi3Ndzaskvav7, 842, 56
57, 16pZhPI0hRi3Ndzaskvav7, 842, 57
58, 16pZhPI0hRi3Ndzaskvav7, 843, 58
59, 16pZhPI0hRi3Ndzaskvav7, 843, 59
60, 16pZhPI0hRi3Ndzaskvav7, 843, 60
61, 16pZhPI0hRi3Ndzaskvav7, 843, 61
62, 16pZhPI0hRi3Ndzaskvav7, 843, 62
63, 16pZhPI0hRi3Ndzaskvav7, 843, 63
64, 16pZhPI0hRi3Ndzaskvav7, 843, 64
65, 16pZhPI0hRi3Ndzaskvav7, 843, 65
66, 16pZhPI0hRi3Ndzaskvav7, 843, 66
67, 16pZhPI0hRi3Ndzaskvav7, 843, 67
68, 16pZhPI0hRi3Ndzaskvav7, 844, 68
69, 16pZhPI0hRi3Ndzaskvav7, 844, 69
70, 16pZhPI0hRi3Ndzaskvav7, 844, 70
71, 16pZhPI0hRi3Ndzaskvav7, 844, 71
72, 16pZhPI0hRi3Ndzaskvav7, 844, 72
73, 16pZhPI0hRi3Ndzaskvav7, 844, 73
74, 16pZhPI0hRi3Ndzaskvav7, 844, 74
75, 16pZhPI0hRi3Ndzaskvav7, 68, 75
76, 16pZhPI0hRi3Ndzaskvav7, 844, 76
77, 16pZhPI0hRi3Ndzaskvav7, 844, 77
78, 16pZhPI0hRi3Ndzaskvav7, 844, 78
79, 16pZhPI0hRi3Ndzaskvav7, 845, 79
80, 16pZhPI0hRi3Ndzaskvav7, 845, 80
81, 16pZhPI0hRi3Ndzaskvav7, 845, 81
82, 16pZhPI0hRi3Ndzaskvav7, 412, 82
83, 16pZhPI0hRi3Ndzaskvav7, 845, 83
84, 16pZhPI0hRi3Ndzaskvav7, 845, 84
85, 16pZhPI0hRi3Ndzaskvav7, 845, 85
86, 16pZhPI0hRi3Ndzaskvav7, 845, 86
87, 16pZhPI0hRi3Ndzaskvav7, 845, 87
88, 16pZhPI0hRi3Ndzaskvav7, 845, 88
89, 16pZhPI0hRi3Ndzaskvav7, 845, 89
90, 16pZhPI0hRi3Ndzaskvav7, 846, 90
91, 16pZhPI0hRi3Ndzaskvav7, 822, 91
92, 16pZhPI0hRi3Ndzaskvav7, 396, 92
93, 16pZhPI0hRi3Ndzaskvav7, 846, 93
94, 16pZhPI0hRi3Ndzaskvav7, 846, 94
95, 16pZhPI0hRi3Ndzaskvav7, 952, 95
96, 16pZhPI0hRi3Ndzaskvav7, 1009, 96
97, 16pZhPI0hRi3Ndzaskvav7, 1009, 97
98, 16pZhPI0hRi3Ndzaskvav7, 1009, 98
99, 16pZhPI0hRi3Ndzaskvav7, 365, 99
100, 16pZhPI0hRi3Ndzaskvav7, 846, 100
101, 16pZhPI0hRi3Ndzaskvav7, 734, 101
102, 16pZhPI0hRi3Ndzaskvav7, 846, 102
103, 16pZhPI0hRi3Ndzaskvav7, 285, 103
104, 16pZhPI0hRi3Ndzaskvav7, 846, 104
105, 16pZhPI0hRi3Ndzaskvav7, 846, 105
106, 16pZhPI0hRi3Ndzaskvav7, 846, 106
0, 5w7N0sDkrcRunzXbuUHSHt, 444, 0
1, 5w7N0sDkrcRunzXbuUHSHt, 1010, 1
2, 5w7N0sDkrcRunzXbuUHSHt, 379, 2
3, 5w7N0sDkrcRunzXbuUHSHt, 1010, 3
4, 5w7N0sDkrcRunzXbuUHSHt, 951, 4
5, 5w7N0sDkrcRunzXbuUHSHt, 1010, 5
6, 5w7N0sDkrcRunzXbuUHSHt, 1010, 6
7, 5w7N0sDkrcRunzXbuUHSHt, 462, 7
8, 5w7N0sDkrcRunzXbuUHSHt, 1010, 8
9, 5w7N0sDkrcRunzXbuUHSHt, 683, 9
10, 5w7N0sDkrcRunzXbuUHSHt, 683, 10
11, 5w7N0sDkrcRunzXbuUHSHt, 1010, 11
12, 5w7N0sDkrcRunzXbuUHSHt, 1010, 12
13, 5w7N0sDkrcRunzXbuUHSHt, 524, 13
14, 5w7N0sDkrcRunzXbuUHSHt, 461, 14
15, 5w7N0sDkrcRunzXbuUHSHt, 1010, 15
16, 5w7N0sDkrcRunzXbuUHSHt, 48, 16
17, 5w7N0sDkrcRunzXbuUHSHt, 1010, 17
18, 5w7N0sDkrcRunzXbuUHSHt, 519, 18
19, 5w7N0sDkrcRunzXbuUHSHt, 1010, 19
20, 5w7N0sDkrcRunzXbuUHSHt, 1011, 20
21, 5w7N0sDkrcRunzXbuUHSHt, 1011, 21
22, 5w7N0sDkrcRunzXbuUHSHt, 344, 22
23, 5w7N0sDkrcRunzXbuUHSHt, 1011, 23
24, 5w7N0sDkrcRunzXbuUHSHt, 1011, 24
25, 5w7N0sDkrcRunzXbuUHSHt, 1011, 25
26, 5w7N0sDkrcRunzXbuUHSHt, 617, 26
27, 5w7N0sDkrcRunzXbuUHSHt, 1011, 27
28, 5w7N0sDkrcRunzXbuUHSHt, 1011, 28
29, 5w7N0sDkrcRunzXbuUHSHt, 910, 29
30, 5w7N0sDkrcRunzXbuUHSHt, 910, 30
31, 5w7N0sDkrcRunzXbuUHSHt, 1011, 31
32, 5w7N0sDkrcRunzXbuUHSHt, 1011, 32
33, 5w7N0sDkrcRunzXbuUHSHt, 381, 33
34, 5w7N0sDkrcRunzXbuUHSHt, 1011, 34
35, 5w7N0sDkrcRunzXbuUHSHt, 1012, 35
36, 5w7N0sDkrcRunzXbuUHSHt, 2, 36
37, 5w7N0sDkrcRunzXbuUHSHt, 1012, 37
38, 5w7N0sDkrcRunzXbuUHSHt, 1012, 38
39, 5w7N0sDkrcRunzXbuUHSHt, 804, 39
40, 5w7N0sDkrcRunzXbuUHSHt, 589, 40
41, 5w7N0sDkrcRunzXbuUHSHt, 946, 41
42, 5w7N0sDkrcRunzXbuUHSHt, 322, 42
43, 5w7N0sDkrcRunzXbuUHSHt, 1012, 43
44, 5w7N0sDkrcRunzXbuUHSHt, 1012, 44
45, 5w7N0sDkrcRunzXbuUHSHt, 518, 45
46, 5w7N0sDkrcRunzXbuUHSHt, 925, 46
47, 5w7N0sDkrcRunzXbuUHSHt, 1012, 47
48, 5w7N0sDkrcRunzXbuUHSHt, 1012, 48
49, 5w7N0sDkrcRunzXbuUHSHt, 1012, 49
50, 5w7N0sDkrcRunzXbuUHSHt, 1012, 50
51, 5w7N0sDkrcRunzXbuUHSHt, 1012, 51
52, 5w7N0sDkrcRunzXbuUHSHt, 498, 52
53, 5w7N0sDkrcRunzXbuUHSHt, 1013, 53
54, 5w7N0sDkrcRunzXbuUHSHt, 72, 54
55, 5w7N0sDkrcRunzXbuUHSHt, 1013, 55
56, 5w7N0sDkrcRunzXbuUHSHt, 1013, 56
57, 5w7N0sDkrcRunzXbuUHSHt, 1013, 57
58, 5w7N0sDkrcRunzXbuUHSHt, 1013, 58
59, 5w7N0sDkrcRunzXbuUHSHt, 1013, 59
60, 5w7N0sDkrcRunzXbuUHSHt, 1013, 60
0, 15mbFrn3r0FJWwAlqg6Ewm, 550, 0
1, 15mbFrn3r0FJWwAlqg6Ewm, 1013, 1
2, 15mbFrn3r0FJWwAlqg6Ewm, 585, 2
3, 15mbFrn3r0FJWwAlqg6Ewm, 623, 3
0, 0gDJLD0OsU2sVAwKRYWWFk, 910, 0
1, 0gDJLD0OsU2sVAwKRYWWFk, 1013, 1
2, 0gDJLD0OsU2sVAwKRYWWFk, 379, 2
3, 0gDJLD0OsU2sVAwKRYWWFk, 105, 3
4, 0gDJLD0OsU2sVAwKRYWWFk, 918, 4
5, 0gDJLD0OsU2sVAwKRYWWFk, 1013, 5
6, 0gDJLD0OsU2sVAwKRYWWFk, 770, 6
7, 0gDJLD0OsU2sVAwKRYWWFk, 1014, 7
8, 0gDJLD0OsU2sVAwKRYWWFk, 924, 8
9, 0gDJLD0OsU2sVAwKRYWWFk, 951, 9
10, 0gDJLD0OsU2sVAwKRYWWFk, 946, 10
11, 0gDJLD0OsU2sVAwKRYWWFk, 976, 11
12, 0gDJLD0OsU2sVAwKRYWWFk, 1014, 12
0, 0E7Ry8TPmXg9lxukDPcQoT, 798, 0
1, 0E7Ry8TPmXg9lxukDPcQoT, 792, 1
2, 0E7Ry8TPmXg9lxukDPcQoT, 638, 2
3, 0E7Ry8TPmXg9lxukDPcQoT, 60, 3
4, 0E7Ry8TPmXg9lxukDPcQoT, 453, 4
5, 0E7Ry8TPmXg9lxukDPcQoT, 320, 5
6, 0E7Ry8TPmXg9lxukDPcQoT, 796, 6
7, 0E7Ry8TPmXg9lxukDPcQoT, 1014, 7
8, 0E7Ry8TPmXg9lxukDPcQoT, 327, 8
9, 0E7Ry8TPmXg9lxukDPcQoT, 1014, 9
10, 0E7Ry8TPmXg9lxukDPcQoT, 1014, 10
11, 0E7Ry8TPmXg9lxukDPcQoT, 384, 11
12, 0E7Ry8TPmXg9lxukDPcQoT, 1012, 12